estimator,alpha,beta,avg_score,percent_steered,num_steered,num_total,behavior,beta_behavior,eval_type,layer,alpha_lookup
orthogonal-alpha-iterative,-2.0,-2.0,-0.2261962890625,0.47,94,200,power-seeking-inclination,coordinate-other-ais,logit_diff-entire_sequence,13,-2.0
orthogonal-alpha-iterative,-2.0,-1.5,0.298828125,0.515,103,200,power-seeking-inclination,coordinate-other-ais,logit_diff-entire_sequence,13,-2.0
orthogonal-alpha-iterative,-2.0,-1.0,0.6064453125,0.54,108,200,power-seeking-inclination,coordinate-other-ais,logit_diff-entire_sequence,13,-2.0
orthogonal-alpha-iterative,-2.0,-0.5,0.80859375,0.6,120,200,power-seeking-inclination,coordinate-other-ais,logit_diff-entire_sequence,13,-2.0
orthogonal-alpha-iterative,-2.0,0.0,0.8564453125,0.645,129,200,power-seeking-inclination,coordinate-other-ais,logit_diff-entire_sequence,13,-2.0
orthogonal-alpha-iterative,-2.0,0.5,0.89111328125,0.66,132,200,power-seeking-inclination,coordinate-other-ais,logit_diff-entire_sequence,13,-2.0
orthogonal-alpha-iterative,-2.0,1.0,0.8623046875,0.675,135,200,power-seeking-inclination,coordinate-other-ais,logit_diff-entire_sequence,13,-2.0
orthogonal-alpha-iterative,-2.0,1.5,0.76513671875,0.685,137,200,power-seeking-inclination,coordinate-other-ais,logit_diff-entire_sequence,13,-2.0
orthogonal-alpha-iterative,-2.0,2.0,0.6826171875,0.64,128,200,power-seeking-inclination,coordinate-other-ais,logit_diff-entire_sequence,13,-2.0
alpha-iterative,-2.0,-2.0,-0.59130859375,0.47,94,200,power-seeking-inclination,coordinate-other-ais,logit_diff-entire_sequence,13,-2.0
alpha-iterative,-2.0,-1.5,-0.642578125,0.38,76,200,power-seeking-inclination,coordinate-other-ais,logit_diff-entire_sequence,13,-2.0
alpha-iterative,-2.0,-1.0,-0.64501953125,0.28,56,200,power-seeking-inclination,coordinate-other-ais,logit_diff-entire_sequence,13,-2.0
alpha-iterative,-2.0,-0.5,-0.5087890625,0.305,61,200,power-seeking-inclination,coordinate-other-ais,logit_diff-entire_sequence,13,-2.0
alpha-iterative,-2.0,0.0,-0.277587890625,0.335,67,200,power-seeking-inclination,coordinate-other-ais,logit_diff-entire_sequence,13,-2.0
alpha-iterative,-2.0,0.5,-0.11627197265625,0.41,82,200,power-seeking-inclination,coordinate-other-ais,logit_diff-entire_sequence,13,-2.0
alpha-iterative,-2.0,1.0,0.2113037109375,0.485,97,200,power-seeking-inclination,coordinate-other-ais,logit_diff-entire_sequence,13,-2.0
alpha-iterative,-2.0,1.5,0.72265625,0.545,109,200,power-seeking-inclination,coordinate-other-ais,logit_diff-entire_sequence,13,-2.0
alpha-iterative,-2.0,2.0,1.54296875,0.665,133,200,power-seeking-inclination,coordinate-other-ais,logit_diff-entire_sequence,13,-2.0
orthogonal-alpha-iterative,-1.75,-2.0,-0.40380859375,0.455,91,200,power-seeking-inclination,coordinate-other-ais,logit_diff-entire_sequence,13,-1.8
orthogonal-alpha-iterative,-1.75,-1.5,0.2113037109375,0.52,104,200,power-seeking-inclination,coordinate-other-ais,logit_diff-entire_sequence,13,-1.8
orthogonal-alpha-iterative,-1.75,-1.0,0.66015625,0.565,113,200,power-seeking-inclination,coordinate-other-ais,logit_diff-entire_sequence,13,-1.8
orthogonal-alpha-iterative,-1.75,-0.5,0.8798828125,0.605,121,200,power-seeking-inclination,coordinate-other-ais,logit_diff-entire_sequence,13,-1.8
orthogonal-alpha-iterative,-1.75,0.0,0.91015625,0.62,124,200,power-seeking-inclination,coordinate-other-ais,logit_diff-entire_sequence,13,-1.8
orthogonal-alpha-iterative,-1.75,0.5,0.9287109375,0.645,129,200,power-seeking-inclination,coordinate-other-ais,logit_diff-entire_sequence,13,-1.8
orthogonal-alpha-iterative,-1.75,1.0,0.8837890625,0.665,133,200,power-seeking-inclination,coordinate-other-ais,logit_diff-entire_sequence,13,-1.8
orthogonal-alpha-iterative,-1.75,1.5,0.82763671875,0.655,131,200,power-seeking-inclination,coordinate-other-ais,logit_diff-entire_sequence,13,-1.8
orthogonal-alpha-iterative,-1.75,2.0,0.74267578125,0.665,133,200,power-seeking-inclination,coordinate-other-ais,logit_diff-entire_sequence,13,-1.8
alpha-iterative,-1.75,-2.0,-0.64501953125,0.43,86,200,power-seeking-inclination,coordinate-other-ais,logit_diff-entire_sequence,13,-1.8
alpha-iterative,-1.75,-1.5,-0.67138671875,0.335,67,200,power-seeking-inclination,coordinate-other-ais,logit_diff-entire_sequence,13,-1.8
alpha-iterative,-1.75,-1.0,-0.625,0.275,55,200,power-seeking-inclination,coordinate-other-ais,logit_diff-entire_sequence,13,-1.8
alpha-iterative,-1.75,-0.5,-0.4423828125,0.295,59,200,power-seeking-inclination,coordinate-other-ais,logit_diff-entire_sequence,13,-1.8
alpha-iterative,-1.75,0.0,-0.2349853515625,0.38,76,200,power-seeking-inclination,coordinate-other-ais,logit_diff-entire_sequence,13,-1.8
alpha-iterative,-1.75,0.5,-0.03125,0.44,88,200,power-seeking-inclination,coordinate-other-ais,logit_diff-entire_sequence,13,-1.8
alpha-iterative,-1.75,1.0,0.358642578125,0.515,103,200,power-seeking-inclination,coordinate-other-ais,logit_diff-entire_sequence,13,-1.8
alpha-iterative,-1.75,1.5,1.087890625,0.605,121,200,power-seeking-inclination,coordinate-other-ais,logit_diff-entire_sequence,13,-1.8
alpha-iterative,-1.75,2.0,2.015625,0.705,141,200,power-seeking-inclination,coordinate-other-ais,logit_diff-entire_sequence,13,-1.8
orthogonal-alpha-iterative,-1.5,-2.0,-0.66748046875,0.46,92,200,power-seeking-inclination,coordinate-other-ais,logit_diff-entire_sequence,13,-1.5
orthogonal-alpha-iterative,-1.5,-1.5,0.08624267578125,0.505,101,200,power-seeking-inclination,coordinate-other-ais,logit_diff-entire_sequence,13,-1.5
orthogonal-alpha-iterative,-1.5,-1.0,0.68115234375,0.545,109,200,power-seeking-inclination,coordinate-other-ais,logit_diff-entire_sequence,13,-1.5
orthogonal-alpha-iterative,-1.5,-0.5,0.9814453125,0.595,119,200,power-seeking-inclination,coordinate-other-ais,logit_diff-entire_sequence,13,-1.5
orthogonal-alpha-iterative,-1.5,0.0,1.06640625,0.63,126,200,power-seeking-inclination,coordinate-other-ais,logit_diff-entire_sequence,13,-1.5
orthogonal-alpha-iterative,-1.5,0.5,1.0400390625,0.65,130,200,power-seeking-inclination,coordinate-other-ais,logit_diff-entire_sequence,13,-1.5
orthogonal-alpha-iterative,-1.5,1.0,1.0166015625,0.67,134,200,power-seeking-inclination,coordinate-other-ais,logit_diff-entire_sequence,13,-1.5
orthogonal-alpha-iterative,-1.5,1.5,0.92236328125,0.645,129,200,power-seeking-inclination,coordinate-other-ais,logit_diff-entire_sequence,13,-1.5
orthogonal-alpha-iterative,-1.5,2.0,0.861328125,0.65,130,200,power-seeking-inclination,coordinate-other-ais,logit_diff-entire_sequence,13,-1.5
alpha-iterative,-1.5,-2.0,-0.6962890625,0.39,78,200,power-seeking-inclination,coordinate-other-ais,logit_diff-entire_sequence,13,-1.5
alpha-iterative,-1.5,-1.5,-0.673828125,0.31,62,200,power-seeking-inclination,coordinate-other-ais,logit_diff-entire_sequence,13,-1.5
alpha-iterative,-1.5,-1.0,-0.54736328125,0.3,60,200,power-seeking-inclination,coordinate-other-ais,logit_diff-entire_sequence,13,-1.5
alpha-iterative,-1.5,-0.5,-0.347412109375,0.35,70,200,power-seeking-inclination,coordinate-other-ais,logit_diff-entire_sequence,13,-1.5
alpha-iterative,-1.5,0.0,-0.1925048828125,0.415,83,200,power-seeking-inclination,coordinate-other-ais,logit_diff-entire_sequence,13,-1.5
alpha-iterative,-1.5,0.5,0.123779296875,0.48,96,200,power-seeking-inclination,coordinate-other-ais,logit_diff-entire_sequence,13,-1.5
alpha-iterative,-1.5,1.0,0.7763671875,0.555,111,200,power-seeking-inclination,coordinate-other-ais,logit_diff-entire_sequence,13,-1.5
alpha-iterative,-1.5,1.5,1.8134765625,0.68,136,200,power-seeking-inclination,coordinate-other-ais,logit_diff-entire_sequence,13,-1.5
alpha-iterative,-1.5,2.0,2.75,0.765,153,200,power-seeking-inclination,coordinate-other-ais,logit_diff-entire_sequence,13,-1.5
orthogonal-alpha-iterative,-1.25,-2.0,-0.75634765625,0.45,90,200,power-seeking-inclination,coordinate-other-ais,logit_diff-entire_sequence,13,-1.2
orthogonal-alpha-iterative,-1.25,-1.5,-0.02374267578125,0.495,99,200,power-seeking-inclination,coordinate-other-ais,logit_diff-entire_sequence,13,-1.2
orthogonal-alpha-iterative,-1.25,-1.0,0.71630859375,0.55,110,200,power-seeking-inclination,coordinate-other-ais,logit_diff-entire_sequence,13,-1.2
orthogonal-alpha-iterative,-1.25,-0.5,1.15234375,0.62,124,200,power-seeking-inclination,coordinate-other-ais,logit_diff-entire_sequence,13,-1.2
orthogonal-alpha-iterative,-1.25,0.0,1.26171875,0.645,129,200,power-seeking-inclination,coordinate-other-ais,logit_diff-entire_sequence,13,-1.2
orthogonal-alpha-iterative,-1.25,0.5,1.2236328125,0.67,134,200,power-seeking-inclination,coordinate-other-ais,logit_diff-entire_sequence,13,-1.2
orthogonal-alpha-iterative,-1.25,1.0,1.13671875,0.675,135,200,power-seeking-inclination,coordinate-other-ais,logit_diff-entire_sequence,13,-1.2
orthogonal-alpha-iterative,-1.25,1.5,1.05078125,0.68,136,200,power-seeking-inclination,coordinate-other-ais,logit_diff-entire_sequence,13,-1.2
orthogonal-alpha-iterative,-1.25,2.0,0.96875,0.675,135,200,power-seeking-inclination,coordinate-other-ais,logit_diff-entire_sequence,13,-1.2
alpha-iterative,-1.25,-2.0,-0.77880859375,0.34,68,200,power-seeking-inclination,coordinate-other-ais,logit_diff-entire_sequence,13,-1.2
alpha-iterative,-1.25,-1.5,-0.65478515625,0.265,53,200,power-seeking-inclination,coordinate-other-ais,logit_diff-entire_sequence,13,-1.2
alpha-iterative,-1.25,-1.0,-0.481201171875,0.32,64,200,power-seeking-inclination,coordinate-other-ais,logit_diff-entire_sequence,13,-1.2
alpha-iterative,-1.25,-0.5,-0.333740234375,0.38,76,200,power-seeking-inclination,coordinate-other-ais,logit_diff-entire_sequence,13,-1.2
alpha-iterative,-1.25,0.0,-0.0987548828125,0.45,90,200,power-seeking-inclination,coordinate-other-ais,logit_diff-entire_sequence,13,-1.2
alpha-iterative,-1.25,0.5,0.433837890625,0.53,106,200,power-seeking-inclination,coordinate-other-ais,logit_diff-entire_sequence,13,-1.2
alpha-iterative,-1.25,1.0,1.5166015625,0.64,128,200,power-seeking-inclination,coordinate-other-ais,logit_diff-entire_sequence,13,-1.2
alpha-iterative,-1.25,1.5,2.671875,0.735,147,200,power-seeking-inclination,coordinate-other-ais,logit_diff-entire_sequence,13,-1.2
alpha-iterative,-1.25,2.0,3.365234375,0.805,161,200,power-seeking-inclination,coordinate-other-ais,logit_diff-entire_sequence,13,-1.2
orthogonal-alpha-iterative,-1.0,-2.0,-0.69482421875,0.455,91,200,power-seeking-inclination,coordinate-other-ais,logit_diff-entire_sequence,13,-1.0
orthogonal-alpha-iterative,-1.0,-1.5,-0.02374267578125,0.49,98,200,power-seeking-inclination,coordinate-other-ais,logit_diff-entire_sequence,13,-1.0
orthogonal-alpha-iterative,-1.0,-1.0,0.7587890625,0.56,112,200,power-seeking-inclination,coordinate-other-ais,logit_diff-entire_sequence,13,-1.0
orthogonal-alpha-iterative,-1.0,-0.5,1.2998046875,0.625,125,200,power-seeking-inclination,coordinate-other-ais,logit_diff-entire_sequence,13,-1.0
orthogonal-alpha-iterative,-1.0,0.0,1.4560546875,0.645,129,200,power-seeking-inclination,coordinate-other-ais,logit_diff-entire_sequence,13,-1.0
orthogonal-alpha-iterative,-1.0,0.5,1.3974609375,0.675,135,200,power-seeking-inclination,coordinate-other-ais,logit_diff-entire_sequence,13,-1.0
orthogonal-alpha-iterative,-1.0,1.0,1.2646484375,0.675,135,200,power-seeking-inclination,coordinate-other-ais,logit_diff-entire_sequence,13,-1.0
orthogonal-alpha-iterative,-1.0,1.5,1.181640625,0.705,141,200,power-seeking-inclination,coordinate-other-ais,logit_diff-entire_sequence,13,-1.0
orthogonal-alpha-iterative,-1.0,2.0,1.0625,0.69,138,200,power-seeking-inclination,coordinate-other-ais,logit_diff-entire_sequence,13,-1.0
alpha-iterative,-1.0,-2.0,-0.77490234375,0.29,58,200,power-seeking-inclination,coordinate-other-ais,logit_diff-entire_sequence,13,-1.0
alpha-iterative,-1.0,-1.5,-0.6162109375,0.27,54,200,power-seeking-inclination,coordinate-other-ais,logit_diff-entire_sequence,13,-1.0
alpha-iterative,-1.0,-1.0,-0.4775390625,0.335,67,200,power-seeking-inclination,coordinate-other-ais,logit_diff-entire_sequence,13,-1.0
alpha-iterative,-1.0,-0.5,-0.3173828125,0.42,84,200,power-seeking-inclination,coordinate-other-ais,logit_diff-entire_sequence,13,-1.0
alpha-iterative,-1.0,0.0,-0.0012502670288085938,0.485,97,200,power-seeking-inclination,coordinate-other-ais,logit_diff-entire_sequence,13,-1.0
alpha-iterative,-1.0,0.5,0.794921875,0.565,113,200,power-seeking-inclination,coordinate-other-ais,logit_diff-entire_sequence,13,-1.0
alpha-iterative,-1.0,1.0,2.140625,0.71,142,200,power-seeking-inclination,coordinate-other-ais,logit_diff-entire_sequence,13,-1.0
alpha-iterative,-1.0,1.5,3.21484375,0.785,157,200,power-seeking-inclination,coordinate-other-ais,logit_diff-entire_sequence,13,-1.0
alpha-iterative,-1.0,2.0,3.619140625,0.83,166,200,power-seeking-inclination,coordinate-other-ais,logit_diff-entire_sequence,13,-1.0
orthogonal-alpha-iterative,-0.75,-2.0,-0.54736328125,0.47,94,200,power-seeking-inclination,coordinate-other-ais,logit_diff-entire_sequence,13,-0.8
orthogonal-alpha-iterative,-0.75,-1.5,0.063720703125,0.495,99,200,power-seeking-inclination,coordinate-other-ais,logit_diff-entire_sequence,13,-0.8
orthogonal-alpha-iterative,-0.75,-1.0,0.8125,0.56,112,200,power-seeking-inclination,coordinate-other-ais,logit_diff-entire_sequence,13,-0.8
orthogonal-alpha-iterative,-0.75,-0.5,1.458984375,0.62,124,200,power-seeking-inclination,coordinate-other-ais,logit_diff-entire_sequence,13,-0.8
orthogonal-alpha-iterative,-0.75,0.0,1.6591796875,0.665,133,200,power-seeking-inclination,coordinate-other-ais,logit_diff-entire_sequence,13,-0.8
orthogonal-alpha-iterative,-0.75,0.5,1.6201171875,0.685,137,200,power-seeking-inclination,coordinate-other-ais,logit_diff-entire_sequence,13,-0.8
orthogonal-alpha-iterative,-0.75,1.0,1.451171875,0.71,142,200,power-seeking-inclination,coordinate-other-ais,logit_diff-entire_sequence,13,-0.8
orthogonal-alpha-iterative,-0.75,1.5,1.298828125,0.695,139,200,power-seeking-inclination,coordinate-other-ais,logit_diff-entire_sequence,13,-0.8
orthogonal-alpha-iterative,-0.75,2.0,1.15234375,0.69,138,200,power-seeking-inclination,coordinate-other-ais,logit_diff-entire_sequence,13,-0.8
alpha-iterative,-0.75,-2.0,-0.74267578125,0.29,58,200,power-seeking-inclination,coordinate-other-ais,logit_diff-entire_sequence,13,-0.8
alpha-iterative,-0.75,-1.5,-0.55517578125,0.3,60,200,power-seeking-inclination,coordinate-other-ais,logit_diff-entire_sequence,13,-0.8
alpha-iterative,-0.75,-1.0,-0.47998046875,0.39,78,200,power-seeking-inclination,coordinate-other-ais,logit_diff-entire_sequence,13,-0.8
alpha-iterative,-0.75,-0.5,-0.2724609375,0.45,90,200,power-seeking-inclination,coordinate-other-ais,logit_diff-entire_sequence,13,-0.8
alpha-iterative,-0.75,0.0,0.15869140625,0.5,100,200,power-seeking-inclination,coordinate-other-ais,logit_diff-entire_sequence,13,-0.8
alpha-iterative,-0.75,0.5,1.3671875,0.61,122,200,power-seeking-inclination,coordinate-other-ais,logit_diff-entire_sequence,13,-0.8
alpha-iterative,-0.75,1.0,2.76953125,0.735,147,200,power-seeking-inclination,coordinate-other-ais,logit_diff-entire_sequence,13,-0.8
alpha-iterative,-0.75,1.5,3.64453125,0.81,162,200,power-seeking-inclination,coordinate-other-ais,logit_diff-entire_sequence,13,-0.8
alpha-iterative,-0.75,2.0,3.876953125,0.85,170,200,power-seeking-inclination,coordinate-other-ais,logit_diff-entire_sequence,13,-0.8
orthogonal-alpha-iterative,-0.5,-2.0,-0.197509765625,0.485,97,200,power-seeking-inclination,coordinate-other-ais,logit_diff-entire_sequence,13,-0.5
orthogonal-alpha-iterative,-0.5,-1.5,0.340087890625,0.505,101,200,power-seeking-inclination,coordinate-other-ais,logit_diff-entire_sequence,13,-0.5
orthogonal-alpha-iterative,-0.5,-1.0,0.978515625,0.56,112,200,power-seeking-inclination,coordinate-other-ais,logit_diff-entire_sequence,13,-0.5
orthogonal-alpha-iterative,-0.5,-0.5,1.666015625,0.62,124,200,power-seeking-inclination,coordinate-other-ais,logit_diff-entire_sequence,13,-0.5
orthogonal-alpha-iterative,-0.5,0.0,2.05859375,0.685,137,200,power-seeking-inclination,coordinate-other-ais,logit_diff-entire_sequence,13,-0.5
orthogonal-alpha-iterative,-0.5,0.5,1.9921875,0.715,143,200,power-seeking-inclination,coordinate-other-ais,logit_diff-entire_sequence,13,-0.5
orthogonal-alpha-iterative,-0.5,1.0,1.7666015625,0.69,138,200,power-seeking-inclination,coordinate-other-ais,logit_diff-entire_sequence,13,-0.5
orthogonal-alpha-iterative,-0.5,1.5,1.5009765625,0.705,141,200,power-seeking-inclination,coordinate-other-ais,logit_diff-entire_sequence,13,-0.5
orthogonal-alpha-iterative,-0.5,2.0,1.333984375,0.715,143,200,power-seeking-inclination,coordinate-other-ais,logit_diff-entire_sequence,13,-0.5
alpha-iterative,-0.5,-2.0,-0.701171875,0.27,54,200,power-seeking-inclination,coordinate-other-ais,logit_diff-entire_sequence,13,-0.5
alpha-iterative,-0.5,-1.5,-0.56396484375,0.36,72,200,power-seeking-inclination,coordinate-other-ais,logit_diff-entire_sequence,13,-0.5
alpha-iterative,-0.5,-1.0,-0.4912109375,0.41,82,200,power-seeking-inclination,coordinate-other-ais,logit_diff-entire_sequence,13,-0.5
alpha-iterative,-0.5,-0.5,-0.260009765625,0.465,93,200,power-seeking-inclination,coordinate-other-ais,logit_diff-entire_sequence,13,-0.5
alpha-iterative,-0.5,0.0,0.84375,0.57,114,200,power-seeking-inclination,coordinate-other-ais,logit_diff-entire_sequence,13,-0.5
alpha-iterative,-0.5,0.5,2.390625,0.71,142,200,power-seeking-inclination,coordinate-other-ais,logit_diff-entire_sequence,13,-0.5
alpha-iterative,-0.5,1.0,3.623046875,0.79,158,200,power-seeking-inclination,coordinate-other-ais,logit_diff-entire_sequence,13,-0.5
alpha-iterative,-0.5,1.5,4.12109375,0.84,168,200,power-seeking-inclination,coordinate-other-ais,logit_diff-entire_sequence,13,-0.5
alpha-iterative,-0.5,2.0,3.998046875,0.855,171,200,power-seeking-inclination,coordinate-other-ais,logit_diff-entire_sequence,13,-0.5
orthogonal-alpha-iterative,-0.25,-2.0,0.239990234375,0.515,103,200,power-seeking-inclination,coordinate-other-ais,logit_diff-entire_sequence,13,-0.2
orthogonal-alpha-iterative,-0.25,-1.5,0.78857421875,0.535,107,200,power-seeking-inclination,coordinate-other-ais,logit_diff-entire_sequence,13,-0.2
orthogonal-alpha-iterative,-0.25,-1.0,1.2685546875,0.57,114,200,power-seeking-inclination,coordinate-other-ais,logit_diff-entire_sequence,13,-0.2
orthogonal-alpha-iterative,-0.25,-0.5,1.8720703125,0.625,125,200,power-seeking-inclination,coordinate-other-ais,logit_diff-entire_sequence,13,-0.2
orthogonal-alpha-iterative,-0.25,0.0,2.419921875,0.7,140,200,power-seeking-inclination,coordinate-other-ais,logit_diff-entire_sequence,13,-0.2
orthogonal-alpha-iterative,-0.25,0.5,2.5078125,0.72,144,200,power-seeking-inclination,coordinate-other-ais,logit_diff-entire_sequence,13,-0.2
orthogonal-alpha-iterative,-0.25,1.0,2.23828125,0.755,151,200,power-seeking-inclination,coordinate-other-ais,logit_diff-entire_sequence,13,-0.2
orthogonal-alpha-iterative,-0.25,1.5,1.8662109375,0.735,147,200,power-seeking-inclination,coordinate-other-ais,logit_diff-entire_sequence,13,-0.2
orthogonal-alpha-iterative,-0.25,2.0,1.5673828125,0.73,146,200,power-seeking-inclination,coordinate-other-ais,logit_diff-entire_sequence,13,-0.2
alpha-iterative,-0.25,-2.0,-0.65234375,0.32,64,200,power-seeking-inclination,coordinate-other-ais,logit_diff-entire_sequence,13,-0.2
alpha-iterative,-0.25,-1.5,-0.62646484375,0.385,77,200,power-seeking-inclination,coordinate-other-ais,logit_diff-entire_sequence,13,-0.2
alpha-iterative,-0.25,-1.0,-0.4912109375,0.44,88,200,power-seeking-inclination,coordinate-other-ais,logit_diff-entire_sequence,13,-0.2
alpha-iterative,-0.25,-0.5,0.1474609375,0.505,101,200,power-seeking-inclination,coordinate-other-ais,logit_diff-entire_sequence,13,-0.2
alpha-iterative,-0.25,0.0,1.87890625,0.645,129,200,power-seeking-inclination,coordinate-other-ais,logit_diff-entire_sequence,13,-0.2
alpha-iterative,-0.25,0.5,3.39453125,0.77,154,200,power-seeking-inclination,coordinate-other-ais,logit_diff-entire_sequence,13,-0.2
alpha-iterative,-0.25,1.0,4.26953125,0.83,166,200,power-seeking-inclination,coordinate-other-ais,logit_diff-entire_sequence,13,-0.2
alpha-iterative,-0.25,1.5,4.34765625,0.865,173,200,power-seeking-inclination,coordinate-other-ais,logit_diff-entire_sequence,13,-0.2
alpha-iterative,-0.25,2.0,3.82421875,0.85,170,200,power-seeking-inclination,coordinate-other-ais,logit_diff-entire_sequence,13,-0.2
orthogonal-alpha-iterative,0.0,-2.0,0.453857421875,0.53,106,200,power-seeking-inclination,coordinate-other-ais,logit_diff-entire_sequence,13,0.0
orthogonal-alpha-iterative,0.0,-1.5,1.072265625,0.55,110,200,power-seeking-inclination,coordinate-other-ais,logit_diff-entire_sequence,13,0.0
orthogonal-alpha-iterative,0.0,-1.0,1.548828125,0.585,117,200,power-seeking-inclination,coordinate-other-ais,logit_diff-entire_sequence,13,0.0
orthogonal-alpha-iterative,0.0,-0.5,2.029296875,0.63,126,200,power-seeking-inclination,coordinate-other-ais,logit_diff-entire_sequence,13,0.0
orthogonal-alpha-iterative,0.0,0.0,2.578125,0.71,142,200,power-seeking-inclination,coordinate-other-ais,logit_diff-entire_sequence,13,0.0
orthogonal-alpha-iterative,0.0,0.5,2.822265625,0.74,148,200,power-seeking-inclination,coordinate-other-ais,logit_diff-entire_sequence,13,0.0
orthogonal-alpha-iterative,0.0,1.0,2.57421875,0.74,148,200,power-seeking-inclination,coordinate-other-ais,logit_diff-entire_sequence,13,0.0
orthogonal-alpha-iterative,0.0,1.5,2.171875,0.755,151,200,power-seeking-inclination,coordinate-other-ais,logit_diff-entire_sequence,13,0.0
orthogonal-alpha-iterative,0.0,2.0,1.798828125,0.72,144,200,power-seeking-inclination,coordinate-other-ais,logit_diff-entire_sequence,13,0.0
alpha-iterative,0.0,-2.0,-0.66748046875,0.355,71,200,power-seeking-inclination,coordinate-other-ais,logit_diff-entire_sequence,13,0.0
alpha-iterative,0.0,-1.5,-0.642578125,0.42,84,200,power-seeking-inclination,coordinate-other-ais,logit_diff-entire_sequence,13,0.0
alpha-iterative,0.0,-1.0,-0.52392578125,0.455,91,200,power-seeking-inclination,coordinate-other-ais,logit_diff-entire_sequence,13,0.0
alpha-iterative,0.0,-0.5,0.74853515625,0.55,110,200,power-seeking-inclination,coordinate-other-ais,logit_diff-entire_sequence,13,0.0
alpha-iterative,0.0,0.0,2.578125,0.71,142,200,power-seeking-inclination,coordinate-other-ais,logit_diff-entire_sequence,13,0.0
alpha-iterative,0.0,0.5,3.953125,0.795,159,200,power-seeking-inclination,coordinate-other-ais,logit_diff-entire_sequence,13,0.0
alpha-iterative,0.0,1.0,4.59375,0.845,169,200,power-seeking-inclination,coordinate-other-ais,logit_diff-entire_sequence,13,0.0
alpha-iterative,0.0,1.5,4.3359375,0.87,174,200,power-seeking-inclination,coordinate-other-ais,logit_diff-entire_sequence,13,0.0
alpha-iterative,0.0,2.0,3.712890625,0.825,165,200,power-seeking-inclination,coordinate-other-ais,logit_diff-entire_sequence,13,0.0
orthogonal-alpha-iterative,0.25,-2.0,0.66748046875,0.54,108,200,power-seeking-inclination,coordinate-other-ais,logit_diff-entire_sequence,13,0.2
orthogonal-alpha-iterative,0.25,-1.5,1.3486328125,0.555,111,200,power-seeking-inclination,coordinate-other-ais,logit_diff-entire_sequence,13,0.2
orthogonal-alpha-iterative,0.25,-1.0,1.826171875,0.595,119,200,power-seeking-inclination,coordinate-other-ais,logit_diff-entire_sequence,13,0.2
orthogonal-alpha-iterative,0.25,-0.5,2.267578125,0.66,132,200,power-seeking-inclination,coordinate-other-ais,logit_diff-entire_sequence,13,0.2
orthogonal-alpha-iterative,0.25,0.0,2.759765625,0.715,143,200,power-seeking-inclination,coordinate-other-ais,logit_diff-entire_sequence,13,0.2
orthogonal-alpha-iterative,0.25,0.5,3.080078125,0.745,149,200,power-seeking-inclination,coordinate-other-ais,logit_diff-entire_sequence,13,0.2
orthogonal-alpha-iterative,0.25,1.0,2.912109375,0.755,151,200,power-seeking-inclination,coordinate-other-ais,logit_diff-entire_sequence,13,0.2
orthogonal-alpha-iterative,0.25,1.5,2.484375,0.77,154,200,power-seeking-inclination,coordinate-other-ais,logit_diff-entire_sequence,13,0.2
orthogonal-alpha-iterative,0.25,2.0,2.021484375,0.75,150,200,power-seeking-inclination,coordinate-other-ais,logit_diff-entire_sequence,13,0.2
alpha-iterative,0.25,-2.0,-0.736328125,0.37,74,200,power-seeking-inclination,coordinate-other-ais,logit_diff-entire_sequence,13,0.2
alpha-iterative,0.25,-1.5,-0.6923828125,0.425,85,200,power-seeking-inclination,coordinate-other-ais,logit_diff-entire_sequence,13,0.2
alpha-iterative,0.25,-1.0,-0.340087890625,0.49,98,200,power-seeking-inclination,coordinate-other-ais,logit_diff-entire_sequence,13,0.2
alpha-iterative,0.25,-0.5,1.4013671875,0.595,119,200,power-seeking-inclination,coordinate-other-ais,logit_diff-entire_sequence,13,0.2
alpha-iterative,0.25,0.0,3.27734375,0.765,153,200,power-seeking-inclination,coordinate-other-ais,logit_diff-entire_sequence,13,0.2
alpha-iterative,0.25,0.5,4.42578125,0.82,164,200,power-seeking-inclination,coordinate-other-ais,logit_diff-entire_sequence,13,0.2
alpha-iterative,0.25,1.0,4.7109375,0.865,173,200,power-seeking-inclination,coordinate-other-ais,logit_diff-entire_sequence,13,0.2
alpha-iterative,0.25,1.5,4.234375,0.86,172,200,power-seeking-inclination,coordinate-other-ais,logit_diff-entire_sequence,13,0.2
alpha-iterative,0.25,2.0,3.53515625,0.815,163,200,power-seeking-inclination,coordinate-other-ais,logit_diff-entire_sequence,13,0.2
orthogonal-alpha-iterative,0.5,-2.0,0.84521484375,0.55,110,200,power-seeking-inclination,coordinate-other-ais,logit_diff-entire_sequence,13,0.5
orthogonal-alpha-iterative,0.5,-1.5,1.6845703125,0.575,115,200,power-seeking-inclination,coordinate-other-ais,logit_diff-entire_sequence,13,0.5
orthogonal-alpha-iterative,0.5,-1.0,2.296875,0.61,122,200,power-seeking-inclination,coordinate-other-ais,logit_diff-entire_sequence,13,0.5
orthogonal-alpha-iterative,0.5,-0.5,2.6484375,0.68,136,200,power-seeking-inclination,coordinate-other-ais,logit_diff-entire_sequence,13,0.5
orthogonal-alpha-iterative,0.5,0.0,3.01953125,0.73,146,200,power-seeking-inclination,coordinate-other-ais,logit_diff-entire_sequence,13,0.5
orthogonal-alpha-iterative,0.5,0.5,3.3984375,0.765,153,200,power-seeking-inclination,coordinate-other-ais,logit_diff-entire_sequence,13,0.5
orthogonal-alpha-iterative,0.5,1.0,3.4375,0.78,156,200,power-seeking-inclination,coordinate-other-ais,logit_diff-entire_sequence,13,0.5
orthogonal-alpha-iterative,0.5,1.5,3.025390625,0.805,161,200,power-seeking-inclination,coordinate-other-ais,logit_diff-entire_sequence,13,0.5
orthogonal-alpha-iterative,0.5,2.0,2.443359375,0.795,159,200,power-seeking-inclination,coordinate-other-ais,logit_diff-entire_sequence,13,0.5
alpha-iterative,0.5,-2.0,-0.77978515625,0.425,85,200,power-seeking-inclination,coordinate-other-ais,logit_diff-entire_sequence,13,0.5
alpha-iterative,0.5,-1.5,-0.826171875,0.415,83,200,power-seeking-inclination,coordinate-other-ais,logit_diff-entire_sequence,13,0.5
alpha-iterative,0.5,-1.0,0.45751953125,0.53,106,200,power-seeking-inclination,coordinate-other-ais,logit_diff-entire_sequence,13,0.5
alpha-iterative,0.5,-0.5,2.443359375,0.675,135,200,power-seeking-inclination,coordinate-other-ais,logit_diff-entire_sequence,13,0.5
alpha-iterative,0.5,0.0,4.16015625,0.8,160,200,power-seeking-inclination,coordinate-other-ais,logit_diff-entire_sequence,13,0.5
alpha-iterative,0.5,0.5,4.91015625,0.855,171,200,power-seeking-inclination,coordinate-other-ais,logit_diff-entire_sequence,13,0.5
alpha-iterative,0.5,1.0,4.6875,0.87,174,200,power-seeking-inclination,coordinate-other-ais,logit_diff-entire_sequence,13,0.5
alpha-iterative,0.5,1.5,3.9453125,0.835,167,200,power-seeking-inclination,coordinate-other-ais,logit_diff-entire_sequence,13,0.5
alpha-iterative,0.5,2.0,3.1796875,0.79,158,200,power-seeking-inclination,coordinate-other-ais,logit_diff-entire_sequence,13,0.5
orthogonal-alpha-iterative,0.75,-2.0,0.92138671875,0.56,112,200,power-seeking-inclination,coordinate-other-ais,logit_diff-entire_sequence,13,0.8
orthogonal-alpha-iterative,0.75,-1.5,1.830078125,0.585,117,200,power-seeking-inclination,coordinate-other-ais,logit_diff-entire_sequence,13,0.8
orthogonal-alpha-iterative,0.75,-1.0,2.6953125,0.64,128,200,power-seeking-inclination,coordinate-other-ais,logit_diff-entire_sequence,13,0.8
orthogonal-alpha-iterative,0.75,-0.5,3.16015625,0.71,142,200,power-seeking-inclination,coordinate-other-ais,logit_diff-entire_sequence,13,0.8
orthogonal-alpha-iterative,0.75,0.0,3.419921875,0.745,149,200,power-seeking-inclination,coordinate-other-ais,logit_diff-entire_sequence,13,0.8
orthogonal-alpha-iterative,0.75,0.5,3.7109375,0.765,153,200,power-seeking-inclination,coordinate-other-ais,logit_diff-entire_sequence,13,0.8
orthogonal-alpha-iterative,0.75,1.0,3.8671875,0.795,159,200,power-seeking-inclination,coordinate-other-ais,logit_diff-entire_sequence,13,0.8
orthogonal-alpha-iterative,0.75,1.5,3.55078125,0.81,162,200,power-seeking-inclination,coordinate-other-ais,logit_diff-entire_sequence,13,0.8
orthogonal-alpha-iterative,0.75,2.0,2.939453125,0.8,160,200,power-seeking-inclination,coordinate-other-ais,logit_diff-entire_sequence,13,0.8
alpha-iterative,0.75,-2.0,-0.92138671875,0.43,86,200,power-seeking-inclination,coordinate-other-ais,logit_diff-entire_sequence,13,0.8
alpha-iterative,0.75,-1.5,-0.441162109375,0.475,95,200,power-seeking-inclination,coordinate-other-ais,logit_diff-entire_sequence,13,0.8
alpha-iterative,0.75,-1.0,1.53515625,0.605,121,200,power-seeking-inclination,coordinate-other-ais,logit_diff-entire_sequence,13,0.8
alpha-iterative,0.75,-0.5,3.490234375,0.76,152,200,power-seeking-inclination,coordinate-other-ais,logit_diff-entire_sequence,13,0.8
alpha-iterative,0.75,0.0,4.890625,0.835,167,200,power-seeking-inclination,coordinate-other-ais,logit_diff-entire_sequence,13,0.8
alpha-iterative,0.75,0.5,5.0859375,0.875,175,200,power-seeking-inclination,coordinate-other-ais,logit_diff-entire_sequence,13,0.8
alpha-iterative,0.75,1.0,4.42578125,0.85,170,200,power-seeking-inclination,coordinate-other-ais,logit_diff-entire_sequence,13,0.8
alpha-iterative,0.75,1.5,3.560546875,0.795,159,200,power-seeking-inclination,coordinate-other-ais,logit_diff-entire_sequence,13,0.8
alpha-iterative,0.75,2.0,2.875,0.745,149,200,power-seeking-inclination,coordinate-other-ais,logit_diff-entire_sequence,13,0.8
orthogonal-alpha-iterative,1.0,-2.0,0.91015625,0.55,110,200,power-seeking-inclination,coordinate-other-ais,logit_diff-entire_sequence,13,1.0
orthogonal-alpha-iterative,1.0,-1.5,1.8515625,0.585,117,200,power-seeking-inclination,coordinate-other-ais,logit_diff-entire_sequence,13,1.0
orthogonal-alpha-iterative,1.0,-1.0,2.828125,0.645,129,200,power-seeking-inclination,coordinate-other-ais,logit_diff-entire_sequence,13,1.0
orthogonal-alpha-iterative,1.0,-0.5,3.412109375,0.71,142,200,power-seeking-inclination,coordinate-other-ais,logit_diff-entire_sequence,13,1.0
orthogonal-alpha-iterative,1.0,0.0,3.72265625,0.755,151,200,power-seeking-inclination,coordinate-other-ais,logit_diff-entire_sequence,13,1.0
orthogonal-alpha-iterative,1.0,0.5,3.94921875,0.775,155,200,power-seeking-inclination,coordinate-other-ais,logit_diff-entire_sequence,13,1.0
orthogonal-alpha-iterative,1.0,1.0,4.125,0.805,161,200,power-seeking-inclination,coordinate-other-ais,logit_diff-entire_sequence,13,1.0
orthogonal-alpha-iterative,1.0,1.5,3.89453125,0.82,164,200,power-seeking-inclination,coordinate-other-ais,logit_diff-entire_sequence,13,1.0
orthogonal-alpha-iterative,1.0,2.0,3.296875,0.815,163,200,power-seeking-inclination,coordinate-other-ais,logit_diff-entire_sequence,13,1.0
alpha-iterative,1.0,-2.0,-1.05859375,0.425,85,200,power-seeking-inclination,coordinate-other-ais,logit_diff-entire_sequence,13,1.0
alpha-iterative,1.0,-1.5,0.217529296875,0.505,101,200,power-seeking-inclination,coordinate-other-ais,logit_diff-entire_sequence,13,1.0
alpha-iterative,1.0,-1.0,2.271484375,0.68,136,200,power-seeking-inclination,coordinate-other-ais,logit_diff-entire_sequence,13,1.0
alpha-iterative,1.0,-0.5,4.1484375,0.785,157,200,power-seeking-inclination,coordinate-other-ais,logit_diff-entire_sequence,13,1.0
alpha-iterative,1.0,0.0,5.19921875,0.855,171,200,power-seeking-inclination,coordinate-other-ais,logit_diff-entire_sequence,13,1.0
alpha-iterative,1.0,0.5,5.0078125,0.87,174,200,power-seeking-inclination,coordinate-other-ais,logit_diff-entire_sequence,13,1.0
alpha-iterative,1.0,1.0,4.1640625,0.82,164,200,power-seeking-inclination,coordinate-other-ais,logit_diff-entire_sequence,13,1.0
alpha-iterative,1.0,1.5,3.28515625,0.775,155,200,power-seeking-inclination,coordinate-other-ais,logit_diff-entire_sequence,13,1.0
alpha-iterative,1.0,2.0,2.619140625,0.71,142,200,power-seeking-inclination,coordinate-other-ais,logit_diff-entire_sequence,13,1.0
orthogonal-alpha-iterative,1.25,-2.0,0.87353515625,0.545,109,200,power-seeking-inclination,coordinate-other-ais,logit_diff-entire_sequence,13,1.2
orthogonal-alpha-iterative,1.25,-1.5,1.837890625,0.585,117,200,power-seeking-inclination,coordinate-other-ais,logit_diff-entire_sequence,13,1.2
orthogonal-alpha-iterative,1.25,-1.0,2.880859375,0.635,127,200,power-seeking-inclination,coordinate-other-ais,logit_diff-entire_sequence,13,1.2
orthogonal-alpha-iterative,1.25,-0.5,3.619140625,0.71,142,200,power-seeking-inclination,coordinate-other-ais,logit_diff-entire_sequence,13,1.2
orthogonal-alpha-iterative,1.25,0.0,4.0078125,0.755,151,200,power-seeking-inclination,coordinate-other-ais,logit_diff-entire_sequence,13,1.2
orthogonal-alpha-iterative,1.25,0.5,4.19921875,0.785,157,200,power-seeking-inclination,coordinate-other-ais,logit_diff-entire_sequence,13,1.2
orthogonal-alpha-iterative,1.25,1.0,4.37109375,0.805,161,200,power-seeking-inclination,coordinate-other-ais,logit_diff-entire_sequence,13,1.2
orthogonal-alpha-iterative,1.25,1.5,4.234375,0.825,165,200,power-seeking-inclination,coordinate-other-ais,logit_diff-entire_sequence,13,1.2
orthogonal-alpha-iterative,1.25,2.0,3.662109375,0.835,167,200,power-seeking-inclination,coordinate-other-ais,logit_diff-entire_sequence,13,1.2
alpha-iterative,1.25,-2.0,-0.9013671875,0.44,88,200,power-seeking-inclination,coordinate-other-ais,logit_diff-entire_sequence,13,1.2
alpha-iterative,1.25,-1.5,0.96240234375,0.555,111,200,power-seeking-inclination,coordinate-other-ais,logit_diff-entire_sequence,13,1.2
alpha-iterative,1.25,-1.0,3.029296875,0.725,145,200,power-seeking-inclination,coordinate-other-ais,logit_diff-entire_sequence,13,1.2
alpha-iterative,1.25,-0.5,4.78515625,0.825,165,200,power-seeking-inclination,coordinate-other-ais,logit_diff-entire_sequence,13,1.2
alpha-iterative,1.25,0.0,5.3515625,0.87,174,200,power-seeking-inclination,coordinate-other-ais,logit_diff-entire_sequence,13,1.2
alpha-iterative,1.25,0.5,4.7890625,0.85,170,200,power-seeking-inclination,coordinate-other-ais,logit_diff-entire_sequence,13,1.2
alpha-iterative,1.25,1.0,3.83984375,0.805,161,200,power-seeking-inclination,coordinate-other-ais,logit_diff-entire_sequence,13,1.2
alpha-iterative,1.25,1.5,3.01953125,0.74,148,200,power-seeking-inclination,coordinate-other-ais,logit_diff-entire_sequence,13,1.2
alpha-iterative,1.25,2.0,2.376953125,0.685,137,200,power-seeking-inclination,coordinate-other-ais,logit_diff-entire_sequence,13,1.2
orthogonal-alpha-iterative,1.5,-2.0,0.78857421875,0.53,106,200,power-seeking-inclination,coordinate-other-ais,logit_diff-entire_sequence,13,1.5
orthogonal-alpha-iterative,1.5,-1.5,1.697265625,0.585,117,200,power-seeking-inclination,coordinate-other-ais,logit_diff-entire_sequence,13,1.5
orthogonal-alpha-iterative,1.5,-1.0,2.822265625,0.625,125,200,power-seeking-inclination,coordinate-other-ais,logit_diff-entire_sequence,13,1.5
orthogonal-alpha-iterative,1.5,-0.5,3.779296875,0.705,141,200,power-seeking-inclination,coordinate-other-ais,logit_diff-entire_sequence,13,1.5
orthogonal-alpha-iterative,1.5,0.0,4.36328125,0.76,152,200,power-seeking-inclination,coordinate-other-ais,logit_diff-entire_sequence,13,1.5
orthogonal-alpha-iterative,1.5,0.5,4.62890625,0.79,158,200,power-seeking-inclination,coordinate-other-ais,logit_diff-entire_sequence,13,1.5
orthogonal-alpha-iterative,1.5,1.0,4.765625,0.815,163,200,power-seeking-inclination,coordinate-other-ais,logit_diff-entire_sequence,13,1.5
orthogonal-alpha-iterative,1.5,1.5,4.6796875,0.83,166,200,power-seeking-inclination,coordinate-other-ais,logit_diff-entire_sequence,13,1.5
orthogonal-alpha-iterative,1.5,2.0,4.21875,0.84,168,200,power-seeking-inclination,coordinate-other-ais,logit_diff-entire_sequence,13,1.5
alpha-iterative,1.5,-2.0,0.0012502670288085938,0.485,97,200,power-seeking-inclination,coordinate-other-ais,logit_diff-entire_sequence,13,1.5
alpha-iterative,1.5,-1.5,2.162109375,0.65,130,200,power-seeking-inclination,coordinate-other-ais,logit_diff-entire_sequence,13,1.5
alpha-iterative,1.5,-1.0,4.17578125,0.78,156,200,power-seeking-inclination,coordinate-other-ais,logit_diff-entire_sequence,13,1.5
alpha-iterative,1.5,-0.5,5.3984375,0.85,170,200,power-seeking-inclination,coordinate-other-ais,logit_diff-entire_sequence,13,1.5
alpha-iterative,1.5,0.0,5.203125,0.845,169,200,power-seeking-inclination,coordinate-other-ais,logit_diff-entire_sequence,13,1.5
alpha-iterative,1.5,0.5,4.296875,0.815,163,200,power-seeking-inclination,coordinate-other-ais,logit_diff-entire_sequence,13,1.5
alpha-iterative,1.5,1.0,3.380859375,0.76,152,200,power-seeking-inclination,coordinate-other-ais,logit_diff-entire_sequence,13,1.5
alpha-iterative,1.5,1.5,2.640625,0.71,142,200,power-seeking-inclination,coordinate-other-ais,logit_diff-entire_sequence,13,1.5
alpha-iterative,1.5,2.0,2.037109375,0.635,127,200,power-seeking-inclination,coordinate-other-ais,logit_diff-entire_sequence,13,1.5
orthogonal-alpha-iterative,1.75,-2.0,0.732421875,0.54,108,200,power-seeking-inclination,coordinate-other-ais,logit_diff-entire_sequence,13,1.8
orthogonal-alpha-iterative,1.75,-1.5,1.458984375,0.57,114,200,power-seeking-inclination,coordinate-other-ais,logit_diff-entire_sequence,13,1.8
orthogonal-alpha-iterative,1.75,-1.0,2.591796875,0.625,125,200,power-seeking-inclination,coordinate-other-ais,logit_diff-entire_sequence,13,1.8
orthogonal-alpha-iterative,1.75,-0.5,3.6875,0.7,140,200,power-seeking-inclination,coordinate-other-ais,logit_diff-entire_sequence,13,1.8
orthogonal-alpha-iterative,1.75,0.0,4.50390625,0.755,151,200,power-seeking-inclination,coordinate-other-ais,logit_diff-entire_sequence,13,1.8
orthogonal-alpha-iterative,1.75,0.5,4.93359375,0.8,160,200,power-seeking-inclination,coordinate-other-ais,logit_diff-entire_sequence,13,1.8
orthogonal-alpha-iterative,1.75,1.0,5.140625,0.82,164,200,power-seeking-inclination,coordinate-other-ais,logit_diff-entire_sequence,13,1.8
orthogonal-alpha-iterative,1.75,1.5,5.09765625,0.84,168,200,power-seeking-inclination,coordinate-other-ais,logit_diff-entire_sequence,13,1.8
orthogonal-alpha-iterative,1.75,2.0,4.71875,0.855,171,200,power-seeking-inclination,coordinate-other-ais,logit_diff-entire_sequence,13,1.8
alpha-iterative,1.75,-2.0,1.271484375,0.565,113,200,power-seeking-inclination,coordinate-other-ais,logit_diff-entire_sequence,13,1.8
alpha-iterative,1.75,-1.5,3.3828125,0.735,147,200,power-seeking-inclination,coordinate-other-ais,logit_diff-entire_sequence,13,1.8
alpha-iterative,1.75,-1.0,5.10546875,0.825,165,200,power-seeking-inclination,coordinate-other-ais,logit_diff-entire_sequence,13,1.8
alpha-iterative,1.75,-0.5,5.5546875,0.87,174,200,power-seeking-inclination,coordinate-other-ais,logit_diff-entire_sequence,13,1.8
alpha-iterative,1.75,0.0,4.76171875,0.82,164,200,power-seeking-inclination,coordinate-other-ais,logit_diff-entire_sequence,13,1.8
alpha-iterative,1.75,0.5,3.7890625,0.775,155,200,power-seeking-inclination,coordinate-other-ais,logit_diff-entire_sequence,13,1.8
alpha-iterative,1.75,1.0,2.931640625,0.725,145,200,power-seeking-inclination,coordinate-other-ais,logit_diff-entire_sequence,13,1.8
alpha-iterative,1.75,1.5,2.275390625,0.655,131,200,power-seeking-inclination,coordinate-other-ais,logit_diff-entire_sequence,13,1.8
alpha-iterative,1.75,2.0,1.693359375,0.56,112,200,power-seeking-inclination,coordinate-other-ais,logit_diff-entire_sequence,13,1.8
orthogonal-alpha-iterative,2.0,-2.0,0.63232421875,0.535,107,200,power-seeking-inclination,coordinate-other-ais,logit_diff-entire_sequence,13,2.0
orthogonal-alpha-iterative,2.0,-1.5,1.322265625,0.57,114,200,power-seeking-inclination,coordinate-other-ais,logit_diff-entire_sequence,13,2.0
orthogonal-alpha-iterative,2.0,-1.0,2.35546875,0.62,124,200,power-seeking-inclination,coordinate-other-ais,logit_diff-entire_sequence,13,2.0
orthogonal-alpha-iterative,2.0,-0.5,3.5546875,0.69,138,200,power-seeking-inclination,coordinate-other-ais,logit_diff-entire_sequence,13,2.0
orthogonal-alpha-iterative,2.0,0.0,4.48828125,0.755,151,200,power-seeking-inclination,coordinate-other-ais,logit_diff-entire_sequence,13,2.0
orthogonal-alpha-iterative,2.0,0.5,5.05859375,0.805,161,200,power-seeking-inclination,coordinate-other-ais,logit_diff-entire_sequence,13,2.0
orthogonal-alpha-iterative,2.0,1.0,5.30859375,0.815,163,200,power-seeking-inclination,coordinate-other-ais,logit_diff-entire_sequence,13,2.0
orthogonal-alpha-iterative,2.0,1.5,5.3046875,0.84,168,200,power-seeking-inclination,coordinate-other-ais,logit_diff-entire_sequence,13,2.0
orthogonal-alpha-iterative,2.0,2.0,4.99609375,0.86,172,200,power-seeking-inclination,coordinate-other-ais,logit_diff-entire_sequence,13,2.0
alpha-iterative,2.0,-2.0,2.109375,0.625,125,200,power-seeking-inclination,coordinate-other-ais,logit_diff-entire_sequence,13,2.0
alpha-iterative,2.0,-1.5,4.1640625,0.78,156,200,power-seeking-inclination,coordinate-other-ais,logit_diff-entire_sequence,13,2.0
alpha-iterative,2.0,-1.0,5.53515625,0.84,168,200,power-seeking-inclination,coordinate-other-ais,logit_diff-entire_sequence,13,2.0
alpha-iterative,2.0,-0.5,5.40625,0.835,167,200,power-seeking-inclination,coordinate-other-ais,logit_diff-entire_sequence,13,2.0
alpha-iterative,2.0,0.0,4.41015625,0.79,158,200,power-seeking-inclination,coordinate-other-ais,logit_diff-entire_sequence,13,2.0
alpha-iterative,2.0,0.5,3.4453125,0.755,151,200,power-seeking-inclination,coordinate-other-ais,logit_diff-entire_sequence,13,2.0
alpha-iterative,2.0,1.0,2.662109375,0.695,139,200,power-seeking-inclination,coordinate-other-ais,logit_diff-entire_sequence,13,2.0
alpha-iterative,2.0,1.5,2.009765625,0.63,126,200,power-seeking-inclination,coordinate-other-ais,logit_diff-entire_sequence,13,2.0
alpha-iterative,2.0,2.0,1.490234375,0.55,110,200,power-seeking-inclination,coordinate-other-ais,logit_diff-entire_sequence,13,2.0
