panel,behavior,alpha,avg_score
fig2_after_clipping,coordinate-other-ais,-2.0,-0.7487
fig2_after_clipping,coordinate-other-ais,-1.9,-0.8138
fig2_after_clipping,coordinate-other-ais,-1.8,-0.8326
fig2_after_clipping,coordinate-other-ais,-1.7,-0.86
fig2_after_clipping,coordinate-other-ais,-1.6,-0.9044
fig2_after_clipping,coordinate-other-ais,-1.5,-0.9387
fig2_after_clipping,coordinate-other-ais,-1.4,-0.9681
fig2_after_clipping,coordinate-other-ais,-1.3,-0.9494
fig2_after_clipping,coordinate-other-ais,-1.2,-0.9438
fig2_after_clipping,coordinate-other-ais,-1.1,-0.8238
fig2_after_clipping,coordinate-other-ais,-1.0,-0.7512
fig2_after_clipping,coordinate-other-ais,-0.9,-0.5901
fig2_after_clipping,coordinate-other-ais,-0.8,-0.4188
fig2_after_clipping,coordinate-other-ais,-0.7,-0.2495
fig2_after_clipping,coordinate-other-ais,-0.6,-0.0413
fig2_after_clipping,coordinate-other-ais,-0.5,0.1693
fig2_after_clipping,coordinate-other-ais,-0.4,0.4056
fig2_after_clipping,coordinate-other-ais,-0.3,0.6006
fig2_after_clipping,coordinate-other-ais,-0.2,0.8406
fig2_after_clipping,coordinate-other-ais,-0.1,1.0774
fig2_after_clipping,coordinate-other-ais,-0.0,1.2999
fig2_after_clipping,coordinate-other-ais,0.1,1.5118
fig2_after_clipping,coordinate-other-ais,0.2,1.7625
fig2_after_clipping,coordinate-other-ais,0.3,1.9613
fig2_after_clipping,coordinate-other-ais,0.4,2.2174
fig2_after_clipping,coordinate-other-ais,0.5,2.3925
fig2_after_clipping,coordinate-other-ais,0.6,2.5949
fig2_after_clipping,coordinate-other-ais,0.7,2.7974
fig2_after_clipping,coordinate-other-ais,0.8,2.9387
fig2_after_clipping,coordinate-other-ais,0.9,3.0975
fig2_after_clipping,coordinate-other-ais,1.0,3.2074
fig2_after_clipping,coordinate-other-ais,1.1,3.2962
fig2_after_clipping,coordinate-other-ais,1.2,3.3455
fig2_after_clipping,coordinate-other-ais,1.3,3.3913
fig2_after_clipping,coordinate-other-ais,1.4,3.4306
fig2_after_clipping,coordinate-other-ais,1.5,3.3687
fig2_after_clipping,coordinate-other-ais,1.6,3.3512
fig2_after_clipping,coordinate-other-ais,1.7,3.2256
fig2_after_clipping,coordinate-other-ais,1.8,3.1262
fig2_after_clipping,coordinate-other-ais,1.9,3.0212
fig2_after_clipping,coordinate-other-ais,2.0,2.9275
fig2_after_clipping,corrigible-neutral-HHH,-2.0,-0.3125
fig2_after_clipping,corrigible-neutral-HHH,-1.9,-0.3275
fig2_after_clipping,corrigible-neutral-HHH,-1.8,-0.3076
fig2_after_clipping,corrigible-neutral-HHH,-1.7,-0.2925
fig2_after_clipping,corrigible-neutral-HHH,-1.6,-0.2363
fig2_after_clipping,corrigible-neutral-HHH,-1.5,-0.2212
fig2_after_clipping,corrigible-neutral-HHH,-1.4,-0.1526
fig2_after_clipping,corrigible-neutral-HHH,-1.3,-0.0851
fig2_after_clipping,corrigible-neutral-HHH,-1.2,-0.0025
fig2_after_clipping,corrigible-neutral-HHH,-1.1,0.1049
fig2_after_clipping,corrigible-neutral-HHH,-1.0,0.2861
fig2_after_clipping,corrigible-neutral-HHH,-0.9,0.4788
fig2_after_clipping,corrigible-neutral-HHH,-0.8,0.81
fig2_after_clipping,corrigible-neutral-HHH,-0.7,1.1712
fig2_after_clipping,corrigible-neutral-HHH,-0.6,1.665
fig2_after_clipping,corrigible-neutral-HHH,-0.5,2.1737
fig2_after_clipping,corrigible-neutral-HHH,-0.4,2.7088
fig2_after_clipping,corrigible-neutral-HHH,-0.3,3.21
fig2_after_clipping,corrigible-neutral-HHH,-0.2,3.7163
fig2_after_clipping,corrigible-neutral-HHH,-0.1,4.1886
fig2_after_clipping,corrigible-neutral-HHH,-0.0,4.6737
fig2_after_clipping,corrigible-neutral-HHH,0.1,5.1425
fig2_after_clipping,corrigible-neutral-HHH,0.2,5.5913
fig2_after_clipping,corrigible-neutral-HHH,0.3,6.0012
fig2_after_clipping,corrigible-neutral-HHH,0.4,6.4312
fig2_after_clipping,corrigible-neutral-HHH,0.5,6.8112
fig2_after_clipping,corrigible-neutral-HHH,0.6,7.1861
fig2_after_clipping,corrigible-neutral-HHH,0.7,7.4849
fig2_after_clipping,corrigible-neutral-HHH,0.8,7.7812
fig2_after_clipping,corrigible-neutral-HHH,0.9,8.0112
fig2_after_clipping,corrigible-neutral-HHH,1.0,8.1586
fig2_after_clipping,corrigible-neutral-HHH,1.1,8.2862
fig2_after_clipping,corrigible-neutral-HHH,1.2,8.3862
fig2_after_clipping,corrigible-neutral-HHH,1.3,8.4125
fig2_after_clipping,corrigible-neutral-HHH,1.4,8.4524
fig2_after_clipping,corrigible-neutral-HHH,1.5,8.3862
fig2_after_clipping,corrigible-neutral-HHH,1.6,8.3037
fig2_after_clipping,corrigible-neutral-HHH,1.7,8.2187
fig2_after_clipping,corrigible-neutral-HHH,1.8,8.0987
fig2_after_clipping,corrigible-neutral-HHH,1.9,7.9662
fig2_after_clipping,corrigible-neutral-HHH,2.0,7.8112
fig2_after_clipping,myopic-reward,-2.0,-0.8413
fig2_after_clipping,myopic-reward,-1.9,-0.8476
fig2_after_clipping,myopic-reward,-1.8,-0.8676
fig2_after_clipping,myopic-reward,-1.7,-0.8564
fig2_after_clipping,myopic-reward,-1.6,-0.86
fig2_after_clipping,myopic-reward,-1.5,-0.8463
fig2_after_clipping,myopic-reward,-1.4,-0.8588
fig2_after_clipping,myopic-reward,-1.3,-0.8389
fig2_after_clipping,myopic-reward,-1.2,-0.8238
fig2_after_clipping,myopic-reward,-1.1,-0.7826
fig2_after_clipping,myopic-reward,-1.0,-0.7189
fig2_after_clipping,myopic-reward,-0.9,-0.6426
fig2_after_clipping,myopic-reward,-0.8,-0.5338
fig2_after_clipping,myopic-reward,-0.7,-0.4038
fig2_after_clipping,myopic-reward,-0.6,-0.2425
fig2_after_clipping,myopic-reward,-0.5,-0.0539
fig2_after_clipping,myopic-reward,-0.4,0.1325
fig2_after_clipping,myopic-reward,-0.3,0.3299
fig2_after_clipping,myopic-reward,-0.2,0.4911
fig2_after_clipping,myopic-reward,-0.1,0.6299
fig2_after_clipping,myopic-reward,-0.0,0.7412
fig2_after_clipping,myopic-reward,0.1,0.8625
fig2_after_clipping,myopic-reward,0.2,0.9861
fig2_after_clipping,myopic-reward,0.3,1.0888
fig2_after_clipping,myopic-reward,0.4,1.1938
fig2_after_clipping,myopic-reward,0.5,1.3324
fig2_after_clipping,myopic-reward,0.6,1.43
fig2_after_clipping,myopic-reward,0.7,1.5513
fig2_after_clipping,myopic-reward,0.8,1.6562
fig2_after_clipping,myopic-reward,0.9,1.7511
fig2_after_clipping,myopic-reward,1.0,1.8074
fig2_after_clipping,myopic-reward,1.1,1.8399
fig2_after_clipping,myopic-reward,1.2,1.8025
fig2_after_clipping,myopic-reward,1.3,1.7563
fig2_after_clipping,myopic-reward,1.4,1.6749
fig2_after_clipping,myopic-reward,1.5,1.56
fig2_after_clipping,myopic-reward,1.6,1.4524
fig2_after_clipping,myopic-reward,1.7,1.3375
fig2_after_clipping,myopic-reward,1.8,1.2324
fig2_after_clipping,myopic-reward,1.9,1.1413
fig2_after_clipping,myopic-reward,2.0,1.0574
fig2_after_clipping,power-seeking-inclination,-2.0,-0.5576
fig2_after_clipping,power-seeking-inclination,-1.9,-0.5513
fig2_after_clipping,power-seeking-inclination,-1.8,-0.5738
fig2_after_clipping,power-seeking-inclination,-1.7,-0.585
fig2_after_clipping,power-seeking-inclination,-1.6,-0.6076
fig2_after_clipping,power-seeking-inclination,-1.5,-0.6525
fig2_after_clipping,power-seeking-inclination,-1.4,-0.635
fig2_after_clipping,power-seeking-inclination,-1.3,-0.6363
fig2_after_clipping,power-seeking-inclination,-1.2,-0.5787
fig2_after_clipping,power-seeking-inclination,-1.1,-0.435
fig2_after_clipping,power-seeking-inclination,-1.0,-0.2663
fig2_after_clipping,power-seeking-inclination,-0.9,-0.01
fig2_after_clipping,power-seeking-inclination,-0.8,0.285
fig2_after_clipping,power-seeking-inclination,-0.7,0.5662
fig2_after_clipping,power-seeking-inclination,-0.6,0.8863
fig2_after_clipping,power-seeking-inclination,-0.5,1.2175
fig2_after_clipping,power-seeking-inclination,-0.4,1.5163
fig2_after_clipping,power-seeking-inclination,-0.3,1.8449
fig2_after_clipping,power-seeking-inclination,-0.2,2.1849
fig2_after_clipping,power-seeking-inclination,-0.1,2.5224
fig2_after_clipping,power-seeking-inclination,-0.0,2.8499
fig2_after_clipping,power-seeking-inclination,0.1,3.1825
fig2_after_clipping,power-seeking-inclination,0.2,3.525
fig2_after_clipping,power-seeking-inclination,0.3,3.8412
fig2_after_clipping,power-seeking-inclination,0.4,4.155
fig2_after_clipping,power-seeking-inclination,0.5,4.4499
fig2_after_clipping,power-seeking-inclination,0.6,4.7599
fig2_after_clipping,power-seeking-inclination,0.7,5.0137
fig2_after_clipping,power-seeking-inclination,0.8,5.2412
fig2_after_clipping,power-seeking-inclination,0.9,5.4137
fig2_after_clipping,power-seeking-inclination,1.0,5.5599
fig2_after_clipping,power-seeking-inclination,1.1,5.615
fig2_after_clipping,power-seeking-inclination,1.2,5.6937
fig2_after_clipping,power-seeking-inclination,1.3,5.6725
fig2_after_clipping,power-seeking-inclination,1.4,5.635
fig2_after_clipping,power-seeking-inclination,1.5,5.55
fig2_after_clipping,power-seeking-inclination,1.6,5.4899
fig2_after_clipping,power-seeking-inclination,1.7,5.3425
fig2_after_clipping,power-seeking-inclination,1.8,5.2337
fig2_after_clipping,power-seeking-inclination,1.9,5.0462
fig2_after_clipping,power-seeking-inclination,2.0,4.9025
fig2_after_clipping,survival-instinct,-2.0,-2.22
fig2_after_clipping,survival-instinct,-1.9,-2.32
fig2_after_clipping,survival-instinct,-1.8,-2.425
fig2_after_clipping,survival-instinct,-1.7,-2.525
fig2_after_clipping,survival-instinct,-1.6,-2.6237
fig2_after_clipping,survival-instinct,-1.5,-2.6688
fig2_after_clipping,survival-instinct,-1.4,-2.7313
fig2_after_clipping,survival-instinct,-1.3,-2.7437
fig2_after_clipping,survival-instinct,-1.2,-2.7475
fig2_after_clipping,survival-instinct,-1.1,-2.7051
fig2_after_clipping,survival-instinct,-1.0,-2.6051
fig2_after_clipping,survival-instinct,-0.9,-2.4526
fig2_after_clipping,survival-instinct,-0.8,-2.3162
fig2_after_clipping,survival-instinct,-0.7,-2.12
fig2_after_clipping,survival-instinct,-0.6,-1.9026
fig2_after_clipping,survival-instinct,-0.5,-1.6638
fig2_after_clipping,survival-instinct,-0.4,-1.4
fig2_after_clipping,survival-instinct,-0.3,-1.115
fig2_after_clipping,survival-instinct,-0.2,-0.8488
fig2_after_clipping,survival-instinct,-0.1,-0.5426
fig2_after_clipping,survival-instinct,-0.0,-0.2537
fig2_after_clipping,survival-instinct,0.1,0.065
fig2_after_clipping,survival-instinct,0.2,0.3624
fig2_after_clipping,survival-instinct,0.3,0.6838
fig2_after_clipping,survival-instinct,0.4,1.0238
fig2_after_clipping,survival-instinct,0.5,1.3337
fig2_after_clipping,survival-instinct,0.6,1.6524
fig2_after_clipping,survival-instinct,0.7,1.9362
fig2_after_clipping,survival-instinct,0.8,2.1786
fig2_after_clipping,survival-instinct,0.9,2.3962
fig2_after_clipping,survival-instinct,1.0,2.5186
fig2_after_clipping,survival-instinct,1.1,2.6025
fig2_after_clipping,survival-instinct,1.2,2.6099
fig2_after_clipping,survival-instinct,1.3,2.5774
fig2_after_clipping,survival-instinct,1.4,2.5224
fig2_after_clipping,survival-instinct,1.5,2.4475
fig2_after_clipping,survival-instinct,1.6,2.3562
fig2_after_clipping,survival-instinct,1.7,2.2724
fig2_after_clipping,survival-instinct,1.8,2.1824
fig2_after_clipping,survival-instinct,1.9,2.1324
fig2_after_clipping,survival-instinct,2.0,2.025
fig2_after_clipping,wealth-seeking-inclination,-2.0,-1.9388
fig2_after_clipping,wealth-seeking-inclination,-1.9,-2.08
fig2_after_clipping,wealth-seeking-inclination,-1.8,-2.2438
fig2_after_clipping,wealth-seeking-inclination,-1.7,-2.3913
fig2_after_clipping,wealth-seeking-inclination,-1.6,-2.5013
fig2_after_clipping,wealth-seeking-inclination,-1.5,-2.6201
fig2_after_clipping,wealth-seeking-inclination,-1.4,-2.68
fig2_after_clipping,wealth-seeking-inclination,-1.3,-2.7688
fig2_after_clipping,wealth-seeking-inclination,-1.2,-2.7601
fig2_after_clipping,wealth-seeking-inclination,-1.1,-2.7201
fig2_after_clipping,wealth-seeking-inclination,-1.0,-2.7051
fig2_after_clipping,wealth-seeking-inclination,-0.9,-2.6275
fig2_after_clipping,wealth-seeking-inclination,-0.8,-2.515
fig2_after_clipping,wealth-seeking-inclination,-0.7,-2.4012
fig2_after_clipping,wealth-seeking-inclination,-0.6,-2.27
fig2_after_clipping,wealth-seeking-inclination,-0.5,-2.12
fig2_after_clipping,wealth-seeking-inclination,-0.4,-1.9138
fig2_after_clipping,wealth-seeking-inclination,-0.3,-1.73
fig2_after_clipping,wealth-seeking-inclination,-0.2,-1.5025
fig2_after_clipping,wealth-seeking-inclination,-0.1,-1.2639
fig2_after_clipping,wealth-seeking-inclination,-0.0,-1.0387
fig2_after_clipping,wealth-seeking-inclination,0.1,-0.7725
fig2_after_clipping,wealth-seeking-inclination,0.2,-0.5226
fig2_after_clipping,wealth-seeking-inclination,0.3,-0.1975
fig2_after_clipping,wealth-seeking-inclination,0.4,0.0462
fig2_after_clipping,wealth-seeking-inclination,0.5,0.3386
fig2_after_clipping,wealth-seeking-inclination,0.6,0.5936
fig2_after_clipping,wealth-seeking-inclination,0.7,0.7999
fig2_after_clipping,wealth-seeking-inclination,0.8,1.0011
fig2_after_clipping,wealth-seeking-inclination,0.9,1.1474
fig2_after_clipping,wealth-seeking-inclination,1.0,1.2575
fig2_after_clipping,wealth-seeking-inclination,1.1,1.3138
fig2_after_clipping,wealth-seeking-inclination,1.2,1.3299
fig2_after_clipping,wealth-seeking-inclination,1.3,1.3187
fig2_after_clipping,wealth-seeking-inclination,1.4,1.2862
fig2_after_clipping,wealth-seeking-inclination,1.5,1.2387
fig2_after_clipping,wealth-seeking-inclination,1.6,1.1837
fig2_after_clipping,wealth-seeking-inclination,1.7,1.0924
fig2_after_clipping,wealth-seeking-inclination,1.8,1.0449
fig2_after_clipping,wealth-seeking-inclination,1.9,0.9287
fig2_after_clipping,wealth-seeking-inclination,2.0,0.8825
fig2_before_clipping,coordinate-other-ais,-2.0,-0.977
fig2_before_clipping,coordinate-other-ais,-1.9,-0.8919
fig2_before_clipping,coordinate-other-ais,-1.8,-0.7863
fig2_before_clipping,coordinate-other-ais,-1.7,-0.6814
fig2_before_clipping,coordinate-other-ais,-1.6,-0.5994
fig2_before_clipping,coordinate-other-ais,-1.5,-0.522
fig2_before_clipping,coordinate-other-ais,-1.4,-0.4882
fig2_before_clipping,coordinate-other-ais,-1.3,-0.49
fig2_before_clipping,coordinate-other-ais,-1.2,-0.5794
fig2_before_clipping,coordinate-other-ais,-1.1,-0.6451
fig2_before_clipping,coordinate-other-ais,-1.0,-0.7401
fig2_before_clipping,coordinate-other-ais,-0.9,-0.8114
fig2_before_clipping,coordinate-other-ais,-0.8,-0.8401
fig2_before_clipping,coordinate-other-ais,-0.7,-0.9414
fig2_before_clipping,coordinate-other-ais,-0.6,-0.9557
fig2_before_clipping,coordinate-other-ais,-0.5,-0.755
fig2_before_clipping,coordinate-other-ais,-0.4,-0.4144
fig2_before_clipping,coordinate-other-ais,-0.3,0.0025
fig2_before_clipping,coordinate-other-ais,-0.2,0.543
fig2_before_clipping,coordinate-other-ais,-0.1,1.0524
fig2_before_clipping,coordinate-other-ais,-0.0,1.5194
fig2_before_clipping,coordinate-other-ais,0.1,2.0574
fig2_before_clipping,coordinate-other-ais,0.2,2.5368
fig2_before_clipping,coordinate-other-ais,0.3,2.9051
fig2_before_clipping,coordinate-other-ais,0.4,3.2231
fig2_before_clipping,coordinate-other-ais,0.5,3.3669
fig2_before_clipping,coordinate-other-ais,0.6,3.38
fig2_before_clipping,coordinate-other-ais,0.7,3.2431
fig2_before_clipping,coordinate-other-ais,0.8,3.0031
fig2_before_clipping,coordinate-other-ais,0.9,2.7437
fig2_before_clipping,coordinate-other-ais,1.0,2.4637
fig2_before_clipping,coordinate-other-ais,1.1,2.1568
fig2_before_clipping,coordinate-other-ais,1.2,1.9212
fig2_before_clipping,coordinate-other-ais,1.3,1.6574
fig2_before_clipping,coordinate-other-ais,1.4,1.4987
fig2_before_clipping,coordinate-other-ais,1.5,1.3006
fig2_before_clipping,coordinate-other-ais,1.6,1.1644
fig2_before_clipping,coordinate-other-ais,1.7,1.0487
fig2_before_clipping,coordinate-other-ais,1.8,0.9606
fig2_before_clipping,coordinate-other-ais,1.9,0.8255
fig2_before_clipping,coordinate-other-ais,2.0,0.7293
fig2_before_clipping,corrigible-neutral-HHH,-2.0,-0.1313
fig2_before_clipping,corrigible-neutral-HHH,-1.9,-0.2351
fig2_before_clipping,corrigible-neutral-HHH,-1.8,-0.3013
fig2_before_clipping,corrigible-neutral-HHH,-1.7,-0.3289
fig2_before_clipping,corrigible-neutral-HHH,-1.6,-0.3451
fig2_before_clipping,corrigible-neutral-HHH,-1.5,-0.34
fig2_before_clipping,corrigible-neutral-HHH,-1.4,-0.3551
fig2_before_clipping,corrigible-neutral-HHH,-1.3,-0.3613
fig2_before_clipping,corrigible-neutral-HHH,-1.2,-0.38
fig2_before_clipping,corrigible-neutral-HHH,-1.1,-0.32
fig2_before_clipping,corrigible-neutral-HHH,-1.0,-0.2789
fig2_before_clipping,corrigible-neutral-HHH,-0.9,-0.2089
fig2_before_clipping,corrigible-neutral-HHH,-0.8,-0.0188
fig2_before_clipping,corrigible-neutral-HHH,-0.7,0.245
fig2_before_clipping,corrigible-neutral-HHH,-0.6,0.835
fig2_before_clipping,corrigible-neutral-HHH,-0.5,1.8425
fig2_before_clipping,corrigible-neutral-HHH,-0.4,3.0138
fig2_before_clipping,corrigible-neutral-HHH,-0.3,4.1362
fig2_before_clipping,corrigible-neutral-HHH,-0.2,5.1638
fig2_before_clipping,corrigible-neutral-HHH,-0.1,6.1851
fig2_before_clipping,corrigible-neutral-HHH,-0.0,7.0263
fig2_before_clipping,corrigible-neutral-HHH,0.1,7.7538
fig2_before_clipping,corrigible-neutral-HHH,0.2,8.1851
fig2_before_clipping,corrigible-neutral-HHH,0.3,8.3725
fig2_before_clipping,corrigible-neutral-HHH,0.4,8.3863
fig2_before_clipping,corrigible-neutral-HHH,0.5,8.2476
fig2_before_clipping,corrigible-neutral-HHH,0.6,7.9375
fig2_before_clipping,corrigible-neutral-HHH,0.7,7.5137
fig2_before_clipping,corrigible-neutral-HHH,0.8,7.0801
fig2_before_clipping,corrigible-neutral-HHH,0.9,6.5838
fig2_before_clipping,corrigible-neutral-HHH,1.0,6.04
fig2_before_clipping,corrigible-neutral-HHH,1.1,5.5112
fig2_before_clipping,corrigible-neutral-HHH,1.2,5.06
fig2_before_clipping,corrigible-neutral-HHH,1.3,4.5925
fig2_before_clipping,corrigible-neutral-HHH,1.4,4.1126
fig2_before_clipping,corrigible-neutral-HHH,1.5,3.7001
fig2_before_clipping,corrigible-neutral-HHH,1.6,3.3063
fig2_before_clipping,corrigible-neutral-HHH,1.7,2.94
fig2_before_clipping,corrigible-neutral-HHH,1.8,2.6362
fig2_before_clipping,corrigible-neutral-HHH,1.9,2.3226
fig2_before_clipping,corrigible-neutral-HHH,2.0,2.0574
fig2_before_clipping,myopic-reward,-2.0,-0.8301
fig2_before_clipping,myopic-reward,-1.9,-0.8514
fig2_before_clipping,myopic-reward,-1.8,-0.8763
fig2_before_clipping,myopic-reward,-1.7,-0.8876
fig2_before_clipping,myopic-reward,-1.6,-0.8563
fig2_before_clipping,myopic-reward,-1.5,-0.8338
fig2_before_clipping,myopic-reward,-1.4,-0.8438
fig2_before_clipping,myopic-reward,-1.3,-0.8176
fig2_before_clipping,myopic-reward,-1.2,-0.7887
fig2_before_clipping,myopic-reward,-1.1,-0.7314
fig2_before_clipping,myopic-reward,-1.0,-0.6363
fig2_before_clipping,myopic-reward,-0.9,-0.4925
fig2_before_clipping,myopic-reward,-0.8,-0.3362
fig2_before_clipping,myopic-reward,-0.7,-0.1238
fig2_before_clipping,myopic-reward,-0.6,0.1112
fig2_before_clipping,myopic-reward,-0.5,0.3325
fig2_before_clipping,myopic-reward,-0.4,0.5137
fig2_before_clipping,myopic-reward,-0.3,0.6762
fig2_before_clipping,myopic-reward,-0.2,0.8288
fig2_before_clipping,myopic-reward,-0.1,0.955
fig2_before_clipping,myopic-reward,-0.0,1.07
fig2_before_clipping,myopic-reward,0.1,1.2138
fig2_before_clipping,myopic-reward,0.2,1.3625
fig2_before_clipping,myopic-reward,0.3,1.4962
fig2_before_clipping,myopic-reward,0.4,1.6312
fig2_before_clipping,myopic-reward,0.5,1.7487
fig2_before_clipping,myopic-reward,0.6,1.8187
fig2_before_clipping,myopic-reward,0.7,1.8474
fig2_before_clipping,myopic-reward,0.8,1.7863
fig2_before_clipping,myopic-reward,0.9,1.6938
fig2_before_clipping,myopic-reward,1.0,1.5749
fig2_before_clipping,myopic-reward,1.1,1.4411
fig2_before_clipping,myopic-reward,1.2,1.3087
fig2_before_clipping,myopic-reward,1.3,1.1937
fig2_before_clipping,myopic-reward,1.4,1.09
fig2_before_clipping,myopic-reward,1.5,1.0237
fig2_before_clipping,myopic-reward,1.6,0.925
fig2_before_clipping,myopic-reward,1.7,0.8588
fig2_before_clipping,myopic-reward,1.8,0.825
fig2_before_clipping,myopic-reward,1.9,0.7888
fig2_before_clipping,myopic-reward,2.0,0.7812
fig2_before_clipping,power-seeking-inclination,-2.0,-0.6451
fig2_before_clipping,power-seeking-inclination,-1.9,-0.6525
fig2_before_clipping,power-seeking-inclination,-1.8,-0.6838
fig2_before_clipping,power-seeking-inclination,-1.7,-0.6551
fig2_before_clipping,power-seeking-inclination,-1.6,-0.63
fig2_before_clipping,power-seeking-inclination,-1.5,-0.5976
fig2_before_clipping,power-seeking-inclination,-1.4,-0.5276
fig2_before_clipping,power-seeking-inclination,-1.3,-0.4787
fig2_before_clipping,power-seeking-inclination,-1.2,-0.5051
fig2_before_clipping,power-seeking-inclination,-1.1,-0.5338
fig2_before_clipping,power-seeking-inclination,-1.0,-0.56
fig2_before_clipping,power-seeking-inclination,-0.9,-0.5451
fig2_before_clipping,power-seeking-inclination,-0.8,-0.6063
fig2_before_clipping,power-seeking-inclination,-0.7,-0.6551
fig2_before_clipping,power-seeking-inclination,-0.6,-0.6238
fig2_before_clipping,power-seeking-inclination,-0.5,-0.2625
fig2_before_clipping,power-seeking-inclination,-0.4,0.2937
fig2_before_clipping,power-seeking-inclination,-0.3,1.01
fig2_before_clipping,power-seeking-inclination,-0.2,1.7238
fig2_before_clipping,power-seeking-inclination,-0.1,2.4713
fig2_before_clipping,power-seeking-inclination,-0.0,3.2125
fig2_before_clipping,power-seeking-inclination,0.1,3.9912
fig2_before_clipping,power-seeking-inclination,0.2,4.6451
fig2_before_clipping,power-seeking-inclination,0.3,5.1963
fig2_before_clipping,power-seeking-inclination,0.4,5.5775
fig2_before_clipping,power-seeking-inclination,0.5,5.6763
fig2_before_clipping,power-seeking-inclination,0.6,5.6137
fig2_before_clipping,power-seeking-inclination,0.7,5.3574
fig2_before_clipping,power-seeking-inclination,0.8,5.0063
fig2_before_clipping,power-seeking-inclination,0.9,4.6225
fig2_before_clipping,power-seeking-inclination,1.0,4.2526
fig2_before_clipping,power-seeking-inclination,1.1,3.8275
fig2_before_clipping,power-seeking-inclination,1.2,3.358
fig2_before_clipping,power-seeking-inclination,1.3,3.11
fig2_before_clipping,power-seeking-inclination,1.4,2.81
fig2_before_clipping,power-seeking-inclination,1.5,2.4999
fig2_before_clipping,power-seeking-inclination,1.6,2.2512
fig2_before_clipping,power-seeking-inclination,1.7,2.0201
fig2_before_clipping,power-seeking-inclination,1.8,1.8087
fig2_before_clipping,power-seeking-inclination,1.9,1.6012
fig2_before_clipping,power-seeking-inclination,2.0,1.4025
fig2_before_clipping,survival-instinct,-2.0,-1.0412
fig2_before_clipping,survival-instinct,-1.9,-1.175
fig2_before_clipping,survival-instinct,-1.8,-1.3175
fig2_before_clipping,survival-instinct,-1.7,-1.4851
fig2_before_clipping,survival-instinct,-1.6,-1.6564
fig2_before_clipping,survival-instinct,-1.5,-1.8226
fig2_before_clipping,survival-instinct,-1.4,-1.9926
fig2_before_clipping,survival-instinct,-1.3,-2.1889
fig2_before_clipping,survival-instinct,-1.2,-2.3476
fig2_before_clipping,survival-instinct,-1.1,-2.5038
fig2_before_clipping,survival-instinct,-1.0,-2.6301
fig2_before_clipping,survival-instinct,-0.9,-2.7101
fig2_before_clipping,survival-instinct,-0.8,-2.7463
fig2_before_clipping,survival-instinct,-0.7,-2.7201
fig2_before_clipping,survival-instinct,-0.6,-2.6225
fig2_before_clipping,survival-instinct,-0.5,-2.4376
fig2_before_clipping,survival-instinct,-0.4,-2.1876
fig2_before_clipping,survival-instinct,-0.3,-1.8726
fig2_before_clipping,survival-instinct,-0.2,-1.4951
fig2_before_clipping,survival-instinct,-0.1,-1.105
fig2_before_clipping,survival-instinct,-0.0,-0.66
fig2_before_clipping,survival-instinct,0.1,-0.2538
fig2_before_clipping,survival-instinct,0.2,0.1963
fig2_before_clipping,survival-instinct,0.3,0.655
fig2_before_clipping,survival-instinct,0.4,1.1013
fig2_before_clipping,survival-instinct,0.5,1.5862
fig2_before_clipping,survival-instinct,0.6,2.0137
fig2_before_clipping,survival-instinct,0.7,2.3262
fig2_before_clipping,survival-instinct,0.8,2.5388
fig2_before_clipping,survival-instinct,0.9,2.615
fig2_before_clipping,survival-instinct,1.0,2.5824
fig2_before_clipping,survival-instinct,1.1,2.4862
fig2_before_clipping,survival-instinct,1.2,2.3588
fig2_before_clipping,survival-instinct,1.3,2.2425
fig2_before_clipping,survival-instinct,1.4,2.1225
fig2_before_clipping,survival-instinct,1.5,2.015
fig2_before_clipping,survival-instinct,1.6,1.9374
fig2_before_clipping,survival-instinct,1.7,1.88
fig2_before_clipping,survival-instinct,1.8,1.8525
fig2_before_clipping,survival-instinct,1.9,1.795
fig2_before_clipping,survival-instinct,2.0,1.7412
fig2_before_clipping,wealth-seeking-inclination,-2.0,-1.1526
fig2_before_clipping,wealth-seeking-inclination,-1.9,-1.2101
fig2_before_clipping,wealth-seeking-inclination,-1.8,-1.2563
fig2_before_clipping,wealth-seeking-inclination,-1.7,-1.315
fig2_before_clipping,wealth-seeking-inclination,-1.6,-1.3801
fig2_before_clipping,wealth-seeking-inclination,-1.5,-1.445
fig2_before_clipping,wealth-seeking-inclination,-1.4,-1.5464
fig2_before_clipping,wealth-seeking-inclination,-1.3,-1.6838
fig2_before_clipping,wealth-seeking-inclination,-1.2,-1.8064
fig2_before_clipping,wealth-seeking-inclination,-1.1,-2.0038
fig2_before_clipping,wealth-seeking-inclination,-1.0,-2.2425
fig2_before_clipping,wealth-seeking-inclination,-0.9,-2.4563
fig2_before_clipping,wealth-seeking-inclination,-0.8,-2.6363
fig2_before_clipping,wealth-seeking-inclination,-0.7,-2.7601
fig2_before_clipping,wealth-seeking-inclination,-0.6,-2.7539
fig2_before_clipping,wealth-seeking-inclination,-0.5,-2.7076
fig2_before_clipping,wealth-seeking-inclination,-0.4,-2.5725
fig2_before_clipping,wealth-seeking-inclination,-0.3,-2.4051
fig2_before_clipping,wealth-seeking-inclination,-0.2,-2.1863
fig2_before_clipping,wealth-seeking-inclination,-0.1,-1.9138
fig2_before_clipping,wealth-seeking-inclination,0.0,-1.672
fig2_before_clipping,wealth-seeking-inclination,0.1,-1.2088
fig2_before_clipping,wealth-seeking-inclination,0.2,-0.8525
fig2_before_clipping,wealth-seeking-inclination,0.3,-0.3989
fig2_before_clipping,wealth-seeking-inclination,0.4,0.0049
fig2_before_clipping,wealth-seeking-inclination,0.5,0.435
fig2_before_clipping,wealth-seeking-inclination,0.6,0.7912
fig2_before_clipping,wealth-seeking-inclination,0.7,1.0662
fig2_before_clipping,wealth-seeking-inclination,0.8,1.2449
fig2_before_clipping,wealth-seeking-inclination,0.9,1.3162
fig2_before_clipping,wealth-seeking-inclination,1.0,1.3187
fig2_before_clipping,wealth-seeking-inclination,1.1,1.2162
fig2_before_clipping,wealth-seeking-inclination,1.2,1.1449
fig2_before_clipping,wealth-seeking-inclination,1.3,1.0475
fig2_before_clipping,wealth-seeking-inclination,1.4,0.9137
fig2_before_clipping,wealth-seeking-inclination,1.5,0.7875
fig2_before_clipping,wealth-seeking-inclination,1.6,0.6888
fig2_before_clipping,wealth-seeking-inclination,1.7,0.5761
fig2_before_clipping,wealth-seeking-inclination,1.8,0.4761
fig2_before_clipping,wealth-seeking-inclination,1.9,0.3899
fig2_before_clipping,wealth-seeking-inclination,2.0,0.2737
