behavior,gamma,A,B,loss,endpoint_term,slope,f_A,f_B,global_min,global_max,padded_lo,padded_hi,mapped_alpha_at_minus1,mapped_alpha_at_plus1
coordinate-other-ais,0.0,-2.0,0.6,0.0,0.0,1.676683,-0.813965,3.546875,-0.813965,3.546875,-3.268293,1.868293,-1.984146,0.584146
corrigible-neutral-HHH,0.0,-1.8,0.3,0.0,0.0,4.401042,-0.484375,8.757812,-0.484375,8.757812,-2.82439,1.32439,-1.787195,0.287195
myopic-reward,0.0,-2.0,0.7,0.0,0.0,0.847801,-0.703125,1.585938,-0.703125,1.585938,-3.317073,2.017073,-1.983537,0.683537
survival-instinct,0.0,-0.8,1.0,0.0,0.0,2.740885,-2.619141,2.314453,-2.619141,2.314453,-1.678049,1.878049,-0.789024,0.989024
power-seeking-inclination,0.0,-0.6,0.5,0.0,0.0,5.642756,-0.637695,5.570312,-0.637695,5.570312,-1.136585,1.036585,-0.593293,0.493293
wealth-seeking-inclination,0.0,-0.7,0.9,0.0,0.0,2.509766,-2.148438,1.867188,-2.148438,1.867188,-1.480488,1.680488,-0.690244,0.890244
coordinate-other-ais,0.05,-0.6,0.6,-0.119189,0.011475,3.613281,-0.791016,3.546875,-0.813965,3.546875,-1.185366,1.185366,-0.592683,0.592683
corrigible-neutral-HHH,0.05,-1.7,0.3,-0.174683,0.005981,4.613281,-0.472412,8.757812,-0.484375,8.757812,-2.67561,1.27561,-1.687805,0.287805
myopic-reward,0.05,-1.9,0.7,0.006224,0.000244,0.880409,-0.702637,1.585938,-0.703125,1.585938,-3.168293,1.968293,-1.884146,0.684146
survival-instinct,0.05,-0.8,1.0,-0.087044,0.0,2.740885,-2.619141,2.314453,-2.619141,2.314453,-1.678049,1.878049,-0.789024,0.989024
power-seeking-inclination,0.05,-0.6,0.5,-0.232138,0.0,5.642756,-0.637695,5.570312,-0.637695,5.570312,-1.136585,1.036585,-0.593293,0.493293
wealth-seeking-inclination,0.05,-0.6,0.8,-0.081348,0.01123,2.851562,-2.140625,1.852539,-2.148438,1.867188,-1.282927,1.482927,-0.591463,0.791463
coordinate-other-ais,0.1,-0.6,0.5,-0.260951,0.030029,3.909801,-0.791016,3.509766,-0.813965,3.546875,-1.136585,1.036585,-0.593293,0.493293
corrigible-neutral-HHH,0.1,-0.9,0.3,-0.475195,0.166992,7.421875,-0.150269,8.757812,-0.484375,8.757812,-1.485366,0.885366,-0.892683,0.292683
myopic-reward,0.1,-1.9,0.7,0.012203,0.000244,0.880409,-0.702637,1.585938,-0.703125,1.585938,-3.168293,1.968293,-1.884146,0.684146
survival-instinct,0.1,-0.8,0.9,-0.180273,0.008789,2.890625,-2.619141,2.296875,-2.619141,2.314453,-1.629268,1.729268,-0.789634,0.889634
power-seeking-inclination,0.1,-0.6,0.5,-0.464276,0.0,5.642756,-0.637695,5.570312,-0.637695,5.570312,-1.136585,1.036585,-0.593293,0.493293
wealth-seeking-inclination,0.1,-0.6,0.8,-0.173926,0.01123,2.851562,-2.140625,1.852539,-2.148438,1.867188,-1.282927,1.482927,-0.591463,0.791463
coordinate-other-ais,0.15,-0.6,0.5,-0.406441,0.030029,3.909801,-0.791016,3.509766,-0.813965,3.546875,-1.136585,1.036585,-0.593293,0.493293
corrigible-neutral-HHH,0.15,-0.8,0.3,-0.801693,0.242554,7.961648,0.000625,8.757812,-0.484375,8.757812,-1.336585,0.836585,-0.793293,0.293293
myopic-reward,0.15,-1.7,0.7,0.014868,0.00708,0.948079,-0.688965,1.585938,-0.703125,1.585938,-2.870732,1.870732,-1.685366,0.685366
survival-instinct,0.15,-0.8,0.9,-0.274805,0.008789,2.890625,-2.619141,2.296875,-2.619141,2.314453,-1.629268,1.729268,-0.789634,0.889634
power-seeking-inclination,0.15,-0.6,0.5,-0.696413,0.0,5.642756,-0.637695,5.570312,-0.637695,5.570312,-1.136585,1.036585,-0.593293,0.493293
wealth-seeking-inclination,0.15,-0.6,0.8,-0.266504,0.01123,2.851562,-2.140625,1.852539,-2.148438,1.867188,-1.282927,1.482927,-0.591463,0.791463
coordinate-other-ais,0.2,-0.6,0.5,-0.551931,0.030029,3.909801,-0.791016,3.509766,-0.813965,3.546875,-1.136585,1.036585,-0.593293,0.493293
corrigible-neutral-HHH,0.2,-0.8,0.3,-1.149776,0.242554,7.961648,0.000625,8.757812,-0.484375,8.757812,-1.336585,0.836585,-0.793293,0.293293
myopic-reward,0.2,-1.7,0.7,0.017464,0.00708,0.948079,-0.688965,1.585938,-0.703125,1.585938,-2.870732,1.870732,-1.685366,0.685366
survival-instinct,0.2,-0.7,0.9,-0.376172,0.032227,3.041992,-2.572266,2.296875,-2.619141,2.314453,-1.480488,1.680488,-0.690244,0.890244
power-seeking-inclination,0.2,-0.6,0.5,-0.928551,0.0,5.642756,-0.637695,5.570312,-0.637695,5.570312,-1.136585,1.036585,-0.593293,0.493293
wealth-seeking-inclination,0.2,-0.6,0.8,-0.359082,0.01123,2.851562,-2.140625,1.852539,-2.148438,1.867188,-1.282927,1.482927,-0.591463,0.791463
coordinate-other-ais,0.25,-0.6,0.5,-0.697421,0.030029,3.909801,-0.791016,3.509766,-0.813965,3.546875,-1.136585,1.036585,-0.593293,0.493293
corrigible-neutral-HHH,0.25,-0.7,0.2,-1.544352,0.497314,9.166667,0.275879,8.523438,-0.484375,8.757812,-1.139024,0.639024,-0.694512,0.194512
myopic-reward,0.25,-1.2,0.7,0.013441,0.05127,1.151316,-0.600586,1.585938,-0.703125,1.585938,-2.126829,1.626829,-1.188415,0.688415
survival-instinct,0.25,-0.7,0.9,-0.478271,0.032227,3.041992,-2.572266,2.296875,-2.619141,2.314453,-1.480488,1.680488,-0.690244,0.890244
power-seeking-inclination,0.25,-0.6,0.4,-1.178711,0.082031,6.042969,-0.637695,5.40625,-0.637695,5.570312,-1.087805,0.887805,-0.593902,0.393902
wealth-seeking-inclination,0.25,-0.6,0.8,-0.45166,0.01123,2.851562,-2.140625,1.852539,-2.148438,1.867188,-1.282927,1.482927,-0.591463,0.791463
coordinate-other-ais,0.3,-0.6,0.5,-0.842911,0.030029,3.909801,-0.791016,3.509766,-0.813965,3.546875,-1.136585,1.036585,-0.593293,0.493293
corrigible-neutral-HHH,0.3,-0.7,0.2,-1.952686,0.497314,9.166667,0.275879,8.523438,-0.484375,8.757812,-1.139024,0.639024,-0.694512,0.194512
myopic-reward,0.3,-1.2,0.6,0.005729,0.06543,1.199002,-0.600586,1.557617,-0.703125,1.585938,-2.078049,1.478049,-1.189024,0.589024
survival-instinct,0.3,-0.7,0.8,-0.585547,0.072266,3.192708,-2.572266,2.216797,-2.619141,2.314453,-1.431707,1.531707,-0.690854,0.790854
power-seeking-inclination,0.3,-0.6,0.4,-1.430859,0.082031,6.042969,-0.637695,5.40625,-0.637695,5.570312,-1.087805,0.887805,-0.593902,0.393902
wealth-seeking-inclination,0.3,-0.5,0.8,-0.551976,0.05127,3.010817,-2.060547,1.852539,-2.148438,1.867188,-1.134146,1.434146,-0.492073,0.792073
coordinate-other-ais,0.35,-0.6,0.5,-0.988401,0.030029,3.909801,-0.791016,3.509766,-0.813965,3.546875,-1.136585,1.036585,-0.593293,0.493293
corrigible-neutral-HHH,0.35,-0.7,0.2,-2.361019,0.497314,9.166667,0.275879,8.523438,-0.484375,8.757812,-1.139024,0.639024,-0.694512,0.194512
myopic-reward,0.35,-1.2,0.6,-0.004221,0.06543,1.199002,-0.600586,1.557617,-0.703125,1.585938,-2.078049,1.478049,-1.189024,0.589024
survival-instinct,0.35,-0.7,0.8,-0.695182,0.072266,3.192708,-2.572266,2.216797,-2.619141,2.314453,-1.431707,1.531707,-0.690854,0.790854
power-seeking-inclination,0.35,-0.6,0.4,-1.683008,0.082031,6.042969,-0.637695,5.40625,-0.637695,5.570312,-1.087805,0.887805,-0.593902,0.393902
wealth-seeking-inclination,0.35,-0.5,0.8,-0.652517,0.05127,3.010817,-2.060547,1.852539,-2.148438,1.867188,-1.134146,1.434146,-0.492073,0.792073
coordinate-other-ais,0.4,-0.5,0.4,-1.154932,0.202881,4.394531,-0.609375,3.345703,-0.813965,3.546875,-0.939024,0.839024,-0.494512,0.394512
corrigible-neutral-HHH,0.4,-0.7,0.2,-2.769352,0.497314,9.166667,0.275879,8.523438,-0.484375,8.757812,-1.139024,0.639024,-0.694512,0.194512
myopic-reward,0.4,-1.1,0.6,-0.015585,0.083496,1.247702,-0.564453,1.557617,-0.703125,1.585938,-1.929268,1.429268,-1.089634,0.589634
survival-instinct,0.4,-0.6,0.8,-0.811077,0.125977,3.342634,-2.464844,2.216797,-2.619141,2.314453,-1.282927,1.482927,-0.591463,0.791463
power-seeking-inclination,0.4,-0.5,0.4,-1.952254,0.215454,6.419271,-0.37085,5.40625,-0.637695,5.570312,-0.939024,0.839024,-0.494512,0.394512
wealth-seeking-inclination,0.4,-0.4,0.8,-0.753483,0.11084,3.160807,-1.941406,1.852539,-2.148438,1.867188,-0.985366,1.385366,-0.392683,0.792683
coordinate-other-ais,0.45,-0.5,0.4,-1.324658,0.202881,4.394531,-0.609375,3.345703,-0.813965,3.546875,-0.939024,0.839024,-0.494512,0.394512
corrigible-neutral-HHH,0.45,-0.7,0.2,-3.177686,0.497314,9.166667,0.275879,8.523438,-0.484375,8.757812,-1.139024,0.639024,-0.694512,0.194512
myopic-reward,0.45,-1.1,0.6,-0.02797,0.083496,1.247702,-0.564453,1.557617,-0.703125,1.585938,-1.929268,1.429268,-1.089634,0.589634
survival-instinct,0.45,-0.6,0.8,-0.928209,0.125977,3.342634,-2.464844,2.216797,-2.619141,2.314453,-1.282927,1.482927,-0.591463,0.791463
power-seeking-inclination,0.45,-0.5,0.3,-2.231641,0.381348,6.806641,-0.37085,5.074219,-0.637695,5.570312,-0.890244,0.690244,-0.495122,0.295122
wealth-seeking-inclination,0.45,-0.4,0.8,-0.861523,0.11084,3.160807,-1.941406,1.852539,-2.148438,1.867188,-0.985366,1.385366,-0.392683,0.792683
coordinate-other-ais,0.5,-0.5,0.4,-1.494385,0.202881,4.394531,-0.609375,3.345703,-0.813965,3.546875,-0.939024,0.839024,-0.494512,0.394512
corrigible-neutral-HHH,0.5,-0.7,0.1,-3.603027,0.743164,9.692383,0.275879,8.03125,-0.484375,8.757812,-1.090244,0.490244,-0.695122,0.095122
myopic-reward,0.5,-1.1,0.6,-0.040355,0.083496,1.247702,-0.564453,1.557617,-0.703125,1.585938,-1.929268,1.429268,-1.089634,0.589634
survival-instinct,0.5,-0.6,0.8,-1.04534,0.125977,3.342634,-2.464844,2.216797,-2.619141,2.314453,-1.282927,1.482927,-0.591463,0.791463
power-seeking-inclination,0.5,-0.5,0.3,-2.521973,0.381348,6.806641,-0.37085,5.074219,-0.637695,5.570312,-0.890244,0.690244,-0.495122,0.295122
wealth-seeking-inclination,0.5,-0.4,0.8,-0.969564,0.11084,3.160807,-1.941406,1.852539,-2.148438,1.867188,-0.985366,1.385366,-0.392683,0.792683
coordinate-other-ais,0.55,-0.5,0.4,-1.664111,0.202881,4.394531,-0.609375,3.345703,-0.813965,3.546875,-0.939024,0.839024,-0.494512,0.394512
corrigible-neutral-HHH,0.55,-0.6,0.1,-4.039844,1.039062,10.234375,0.867676,8.03125,-0.484375,8.757812,-0.941463,0.441463,-0.595732,0.095732
myopic-reward,0.55,-1.1,0.6,-0.05274,0.083496,1.247702,-0.564453,1.557617,-0.703125,1.585938,-1.929268,1.429268,-1.089634,0.589634
survival-instinct,0.55,-0.6,0.8,-1.162472,0.125977,3.342634,-2.464844,2.216797,-2.619141,2.314453,-1.282927,1.482927,-0.591463,0.791463
power-seeking-inclination,0.55,-0.5,0.3,-2.812305,0.381348,6.806641,-0.37085,5.074219,-0.637695,5.570312,-0.890244,0.690244,-0.495122,0.295122
wealth-seeking-inclination,0.55,-0.3,0.7,-1.083887,0.273926,3.46875,-1.768555,1.699219,-2.148438,1.867188,-0.787805,1.187805,-0.293902,0.693902
coordinate-other-ais,0.6,-0.5,0.4,-1.833838,0.202881,4.394531,-0.609375,3.345703,-0.813965,3.546875,-0.939024,0.839024,-0.494512,0.394512
corrigible-neutral-HHH,0.6,-0.6,0.0,-4.505469,1.378906,10.807292,0.867676,7.351562,-0.484375,8.757812,-0.892683,0.292683,-0.596341,-0.003659
myopic-reward,0.6,-1.1,0.6,-0.065125,0.083496,1.247702,-0.564453,1.557617,-0.703125,1.585938,-1.929268,1.429268,-1.089634,0.589634
survival-instinct,0.6,-0.5,0.8,-1.283639,0.204102,3.479567,-2.308594,2.216797,-2.619141,2.314453,-1.134146,1.434146,-0.492073,0.792073
power-seeking-inclination,0.6,-0.5,0.3,-3.102637,0.381348,6.806641,-0.37085,5.074219,-0.637695,5.570312,-0.890244,0.690244,-0.495122,0.295122
wealth-seeking-inclination,0.6,-0.3,0.7,-1.207324,0.273926,3.46875,-1.768555,1.699219,-2.148438,1.867188,-0.787805,1.187805,-0.293902,0.693902
coordinate-other-ais,0.65,-0.5,0.4,-2.003564,0.202881,4.394531,-0.609375,3.345703,-0.813965,3.546875,-0.939024,0.839024,-0.494512,0.394512
corrigible-neutral-HHH,0.65,-0.6,0.0,-4.995833,1.378906,10.807292,0.867676,7.351562,-0.484375,8.757812,-0.892683,0.292683,-0.596341,-0.003659
myopic-reward,0.65,-1.1,0.6,-0.07751,0.083496,1.247702,-0.564453,1.557617,-0.703125,1.585938,-1.929268,1.429268,-1.089634,0.589634
survival-instinct,0.65,-0.5,0.8,-1.407617,0.204102,3.479567,-2.308594,2.216797,-2.619141,2.314453,-1.134146,1.434146,-0.492073,0.792073
power-seeking-inclination,0.65,-0.5,0.3,-3.392969,0.381348,6.806641,-0.37085,5.074219,-0.637695,5.570312,-0.890244,0.690244,-0.495122,0.295122
wealth-seeking-inclination,0.65,-0.3,0.7,-1.330762,0.273926,3.46875,-1.768555,1.699219,-2.148438,1.867188,-0.787805,1.187805,-0.293902,0.693902
coordinate-other-ais,0.7,-0.5,0.4,-2.173291,0.202881,4.394531,-0.609375,3.345703,-0.813965,3.546875,-0.939024,0.839024,-0.494512,0.394512
corrigible-neutral-HHH,0.7,-0.6,0.0,-5.486198,1.378906,10.807292,0.867676,7.351562,-0.484375,8.757812,-0.892683,0.292683,-0.596341,-0.003659
myopic-reward,0.7,-1.1,0.6,-0.089895,0.083496,1.247702,-0.564453,1.557617,-0.703125,1.585938,-1.929268,1.429268,-1.089634,0.589634
survival-instinct,0.7,-0.5,0.8,-1.531596,0.204102,3.479567,-2.308594,2.216797,-2.619141,2.314453,-1.134146,1.434146,-0.492073,0.792073
power-seeking-inclination,0.7,-0.5,0.3,-3.683301,0.381348,6.806641,-0.37085,5.074219,-0.637695,5.570312,-0.890244,0.690244,-0.495122,0.295122
wealth-seeking-inclination,0.7,-0.3,0.7,-1.454199,0.273926,3.46875,-1.768555,1.699219,-2.148438,1.867188,-0.787805,1.187805,-0.293902,0.693902
coordinate-other-ais,0.75,-0.5,0.4,-2.343018,0.202881,4.394531,-0.609375,3.345703,-0.813965,3.546875,-0.939024,0.839024,-0.494512,0.394512
corrigible-neutral-HHH,0.75,-0.6,0.0,-5.976562,1.378906,10.807292,0.867676,7.351562,-0.484375,8.757812,-0.892683,0.292683,-0.596341,-0.003659
myopic-reward,0.75,-1.0,0.6,-0.104004,0.112793,1.289062,-0.505859,1.557617,-0.703125,1.585938,-1.780488,1.380488,-0.990244,0.590244
survival-instinct,0.75,-0.5,0.8,-1.655574,0.204102,3.479567,-2.308594,2.216797,-2.619141,2.314453,-1.134146,1.434146,-0.492073,0.792073
power-seeking-inclination,0.75,-0.5,0.3,-3.973633,0.381348,6.806641,-0.37085,5.074219,-0.637695,5.570312,-0.890244,0.690244,-0.495122,0.295122
wealth-seeking-inclination,0.75,-0.3,0.7,-1.577637,0.273926,3.46875,-1.768555,1.699219,-2.148438,1.867188,-0.787805,1.187805,-0.293902,0.693902
coordinate-other-ais,0.8,-0.5,0.3,-2.515674,0.348389,4.580078,-0.609375,3.054688,-0.813965,3.546875,-0.890244,0.690244,-0.495122,0.295122
corrigible-neutral-HHH,0.8,-0.6,0.0,-6.466927,1.378906,10.807292,0.867676,7.351562,-0.484375,8.757812,-0.892683,0.292683,-0.596341,-0.003659
myopic-reward,0.8,-1.0,0.6,-0.118457,0.112793,1.289062,-0.505859,1.557617,-0.703125,1.585938,-1.780488,1.380488,-0.990244,0.590244
survival-instinct,0.8,-0.5,0.8,-1.779552,0.204102,3.479567,-2.308594,2.216797,-2.619141,2.314453,-1.134146,1.434146,-0.492073,0.792073
power-seeking-inclination,0.8,-0.5,0.3,-4.263965,0.381348,6.806641,-0.37085,5.074219,-0.637695,5.570312,-0.890244,0.690244,-0.495122,0.295122
wealth-seeking-inclination,0.8,-0.3,0.7,-1.701074,0.273926,3.46875,-1.768555,1.699219,-2.148438,1.867188,-0.787805,1.187805,-0.293902,0.693902
coordinate-other-ais,0.85,-0.4,0.3,-2.694782,0.510742,4.771205,-0.284424,3.054688,-0.813965,3.546875,-0.741463,0.641463,-0.395732,0.295732
corrigible-neutral-HHH,0.85,-0.6,0.0,-6.957292,1.378906,10.807292,0.867676,7.351562,-0.484375,8.757812,-0.892683,0.292683,-0.596341,-0.003659
myopic-reward,0.85,-1.0,0.5,-0.134635,0.146484,1.330729,-0.505859,1.490234,-0.703125,1.585938,-1.731707,1.231707,-0.990854,0.490854
survival-instinct,0.85,-0.5,0.7,-1.908301,0.304688,3.603516,-2.308594,2.015625,-2.619141,2.314453,-1.085366,1.285366,-0.492683,0.692683
power-seeking-inclination,0.85,-0.5,0.3,-4.554297,0.381348,6.806641,-0.37085,5.074219,-0.637695,5.570312,-0.890244,0.690244,-0.495122,0.295122
wealth-seeking-inclination,0.85,-0.3,0.7,-1.824512,0.273926,3.46875,-1.768555,1.699219,-2.148438,1.867188,-0.787805,1.187805,-0.293902,0.693902
coordinate-other-ais,0.9,-0.4,0.3,-2.883343,0.510742,4.771205,-0.284424,3.054688,-0.813965,3.546875,-0.741463,0.641463,-0.395732,0.295732
corrigible-neutral-HHH,0.9,-0.6,0.0,-7.447656,1.378906,10.807292,0.867676,7.351562,-0.484375,8.757812,-0.892683,0.292683,-0.596341,-0.003659
myopic-reward,0.9,-1.0,0.5,-0.151172,0.146484,1.330729,-0.505859,1.490234,-0.703125,1.585938,-1.731707,1.231707,-0.990854,0.490854
survival-instinct,0.9,-0.5,0.7,-2.038477,0.304688,3.603516,-2.308594,2.015625,-2.619141,2.314453,-1.085366,1.285366,-0.492683,0.692683
power-seeking-inclination,0.9,-0.5,0.3,-4.844629,0.381348,6.806641,-0.37085,5.074219,-0.637695,5.570312,-0.890244,0.690244,-0.495122,0.295122
wealth-seeking-inclination,0.9,-0.3,0.7,-1.947949,0.273926,3.46875,-1.768555,1.699219,-2.148438,1.867188,-0.787805,1.187805,-0.293902,0.693902
coordinate-other-ais,0.95,-0.4,0.3,-3.071903,0.510742,4.771205,-0.284424,3.054688,-0.813965,3.546875,-0.741463,0.641463,-0.395732,0.295732
corrigible-neutral-HHH,0.95,-0.6,0.0,-7.938021,1.378906,10.807292,0.867676,7.351562,-0.484375,8.757812,-0.892683,0.292683,-0.596341,-0.003659
myopic-reward,0.95,-1.0,0.5,-0.167708,0.146484,1.330729,-0.505859,1.490234,-0.703125,1.585938,-1.731707,1.231707,-0.990854,0.490854
survival-instinct,0.95,-0.5,0.7,-2.168652,0.304688,3.603516,-2.308594,2.015625,-2.619141,2.314453,-1.085366,1.285366,-0.492683,0.692683
power-seeking-inclination,0.95,-0.5,0.3,-5.134961,0.381348,6.806641,-0.37085,5.074219,-0.637695,5.570312,-0.890244,0.690244,-0.495122,0.295122
wealth-seeking-inclination,0.95,-0.2,0.6,-2.075024,0.516602,3.728027,-1.522461,1.459961,-2.148438,1.867188,-0.590244,0.990244,-0.195122,0.595122
coordinate-other-ais,1.0,-0.4,0.3,-3.260463,0.510742,4.771205,-0.284424,3.054688,-0.813965,3.546875,-0.741463,0.641463,-0.395732,0.295732
corrigible-neutral-HHH,1.0,-0.6,0.0,-8.428385,1.378906,10.807292,0.867676,7.351562,-0.484375,8.757812,-0.892683,0.292683,-0.596341,-0.003659
myopic-reward,1.0,-1.0,0.5,-0.184245,0.146484,1.330729,-0.505859,1.490234,-0.703125,1.585938,-1.731707,1.231707,-0.990854,0.490854
survival-instinct,1.0,-0.5,0.7,-2.298828,0.304688,3.603516,-2.308594,2.015625,-2.619141,2.314453,-1.085366,1.285366,-0.492683,0.692683
power-seeking-inclination,1.0,-0.5,0.3,-5.425293,0.381348,6.806641,-0.37085,5.074219,-0.637695,5.570312,-0.890244,0.690244,-0.495122,0.295122
wealth-seeking-inclination,1.0,-0.1,0.6,-2.212402,0.654785,3.867187,-1.246094,1.459961,-2.148438,1.867188,-0.441463,0.941463,-0.095732,0.595732
