estimator,alpha,beta,avg_score,percent_steered,order
orthogonal-parameterized,-2.0,-2.0,-0.4013671875,0.495,alpha_first
orthogonal-parameterized,-2.0,-1.5,-0.498779296875,0.495,alpha_first
orthogonal-parameterized,-2.0,-1.0,-0.521484375,0.47,alpha_first
orthogonal-parameterized,-2.0,-0.5,-0.48876953125,0.4,alpha_first
orthogonal-parameterized,-2.0,0.0,-0.4326171875,0.34,alpha_first
orthogonal-parameterized,-2.0,0.5,-0.28759765625,0.36,alpha_first
orthogonal-parameterized,-2.0,1.0,-0.15869140625,0.39,alpha_first
orthogonal-parameterized,-2.0,1.5,-0.02874755859375,0.455,alpha_first
orthogonal-parameterized,-2.0,2.0,0.1636962890625,0.5,alpha_first
parameterized,-2.0,-2.0,-0.12127685546875,0.405,alpha_first
parameterized,-2.0,-1.5,0.01000213623046875,0.45,alpha_first
parameterized,-2.0,-1.0,0.2763671875,0.515,alpha_first
parameterized,-2.0,-0.5,0.64111328125,0.555,alpha_first
parameterized,-2.0,0.0,1.224609375,0.63,alpha_first
parameterized,-2.0,0.5,1.7724609375,0.675,alpha_first
parameterized,-2.0,1.0,2.13671875,0.725,alpha_first
parameterized,-2.0,1.5,2.275390625,0.735,alpha_first
parameterized,-2.0,2.0,2.232421875,0.745,alpha_first
orthogonal-parameterized,-1.75,-2.0,-0.452392578125,0.495,alpha_first
orthogonal-parameterized,-1.75,-1.5,-0.49365234375,0.48,alpha_first
orthogonal-parameterized,-1.75,-1.0,-0.5498046875,0.425,alpha_first
orthogonal-parameterized,-1.75,-0.5,-0.49755859375,0.355,alpha_first
orthogonal-parameterized,-1.75,0.0,-0.364990234375,0.365,alpha_first
orthogonal-parameterized,-1.75,0.5,-0.2349853515625,0.375,alpha_first
orthogonal-parameterized,-1.75,1.0,-0.11126708984375,0.45,alpha_first
orthogonal-parameterized,-1.75,1.5,0.052490234375,0.505,alpha_first
orthogonal-parameterized,-1.75,2.0,0.376220703125,0.535,alpha_first
parameterized,-1.75,-2.0,-0.12744140625,0.405,alpha_first
parameterized,-1.75,-1.5,0.0187530517578125,0.465,alpha_first
parameterized,-1.75,-1.0,0.277587890625,0.52,alpha_first
parameterized,-1.75,-0.5,0.71240234375,0.555,alpha_first
parameterized,-1.75,0.0,1.3662109375,0.635,alpha_first
parameterized,-1.75,0.5,1.9384765625,0.695,alpha_first
parameterized,-1.75,1.0,2.341796875,0.745,alpha_first
parameterized,-1.75,1.5,2.466796875,0.76,alpha_first
parameterized,-1.75,2.0,2.349609375,0.755,alpha_first
orthogonal-parameterized,-1.5,-2.0,-0.51611328125,0.49,alpha_first
orthogonal-parameterized,-1.5,-1.5,-0.513671875,0.445,alpha_first
orthogonal-parameterized,-1.5,-1.0,-0.5,0.38,alpha_first
orthogonal-parameterized,-1.5,-0.5,-0.405029296875,0.34,alpha_first
orthogonal-parameterized,-1.5,0.0,-0.271240234375,0.385,alpha_first
orthogonal-parameterized,-1.5,0.5,-0.1650390625,0.45,alpha_first
orthogonal-parameterized,-1.5,1.0,-0.01125335693359375,0.48,alpha_first
orthogonal-parameterized,-1.5,1.5,0.331298828125,0.52,alpha_first
orthogonal-parameterized,-1.5,2.0,1.0458984375,0.575,alpha_first
parameterized,-1.5,-2.0,-0.155029296875,0.425,alpha_first
parameterized,-1.5,-1.5,-0.005001068115234375,0.475,alpha_first
parameterized,-1.5,-1.0,0.2724609375,0.505,alpha_first
parameterized,-1.5,-0.5,0.8349609375,0.57,alpha_first
parameterized,-1.5,0.0,1.5537109375,0.635,alpha_first
parameterized,-1.5,0.5,2.234375,0.71,alpha_first
parameterized,-1.5,1.0,2.626953125,0.755,alpha_first
parameterized,-1.5,1.5,2.740234375,0.76,alpha_first
parameterized,-1.5,2.0,2.57421875,0.765,alpha_first
orthogonal-parameterized,-1.25,-2.0,-0.5087890625,0.46,alpha_first
orthogonal-parameterized,-1.25,-1.5,-0.52734375,0.39,alpha_first
orthogonal-parameterized,-1.25,-1.0,-0.44873046875,0.355,alpha_first
orthogonal-parameterized,-1.25,-0.5,-0.3125,0.38,alpha_first
orthogonal-parameterized,-1.25,0.0,-0.2237548828125,0.415,alpha_first
orthogonal-parameterized,-1.25,0.5,-0.08624267578125,0.485,alpha_first
orthogonal-parameterized,-1.25,1.0,0.239990234375,0.51,alpha_first
orthogonal-parameterized,-1.25,1.5,0.99267578125,0.575,alpha_first
orthogonal-parameterized,-1.25,2.0,1.8408203125,0.65,alpha_first
parameterized,-1.25,-2.0,-0.168701171875,0.41,alpha_first
parameterized,-1.25,-1.5,-0.024993896484375,0.485,alpha_first
parameterized,-1.25,-1.0,0.280029296875,0.52,alpha_first
parameterized,-1.25,-0.5,0.91748046875,0.565,alpha_first
parameterized,-1.25,0.0,1.7724609375,0.65,alpha_first
parameterized,-1.25,0.5,2.48046875,0.72,alpha_first
parameterized,-1.25,1.0,2.9453125,0.765,alpha_first
parameterized,-1.25,1.5,3.02734375,0.78,alpha_first
parameterized,-1.25,2.0,2.78515625,0.76,alpha_first
orthogonal-parameterized,-1.0,-2.0,-0.51513671875,0.425,alpha_first
orthogonal-parameterized,-1.0,-1.5,-0.487548828125,0.36,alpha_first
orthogonal-parameterized,-1.0,-1.0,-0.376220703125,0.365,alpha_first
orthogonal-parameterized,-1.0,-0.5,-0.262451171875,0.425,alpha_first
orthogonal-parameterized,-1.0,0.0,-0.1800537109375,0.455,alpha_first
orthogonal-parameterized,-1.0,0.5,0.053741455078125,0.51,alpha_first
orthogonal-parameterized,-1.0,1.0,0.66259765625,0.54,alpha_first
orthogonal-parameterized,-1.0,1.5,1.513671875,0.605,alpha_first
orthogonal-parameterized,-1.0,2.0,2.369140625,0.7,alpha_first
parameterized,-1.0,-2.0,-0.1925048828125,0.43,alpha_first
parameterized,-1.0,-1.5,-0.02874755859375,0.495,alpha_first
parameterized,-1.0,-1.0,0.298828125,0.525,alpha_first
parameterized,-1.0,-0.5,0.982421875,0.575,alpha_first
parameterized,-1.0,0.0,1.8388671875,0.64,alpha_first
parameterized,-1.0,0.5,2.634765625,0.725,alpha_first
parameterized,-1.0,1.0,3.109375,0.765,alpha_first
parameterized,-1.0,1.5,3.203125,0.795,alpha_first
parameterized,-1.0,2.0,2.931640625,0.765,alpha_first
orthogonal-parameterized,-0.75,-2.0,-0.51123046875,0.38,alpha_first
orthogonal-parameterized,-0.75,-1.5,-0.4462890625,0.36,alpha_first
orthogonal-parameterized,-0.75,-1.0,-0.33251953125,0.405,alpha_first
orthogonal-parameterized,-0.75,-0.5,-0.271240234375,0.435,alpha_first
orthogonal-parameterized,-0.75,0.0,-0.08251953125,0.47,alpha_first
orthogonal-parameterized,-0.75,0.5,0.30615234375,0.51,alpha_first
orthogonal-parameterized,-0.75,1.0,1.1748046875,0.58,alpha_first
orthogonal-parameterized,-0.75,1.5,1.9921875,0.645,alpha_first
orthogonal-parameterized,-0.75,2.0,2.9375,0.745,alpha_first
parameterized,-0.75,-2.0,-0.2225341796875,0.435,alpha_first
parameterized,-0.75,-1.5,-0.0462646484375,0.475,alpha_first
parameterized,-0.75,-1.0,0.328857421875,0.52,alpha_first
parameterized,-0.75,-0.5,1.080078125,0.575,alpha_first
parameterized,-0.75,0.0,1.927734375,0.645,alpha_first
parameterized,-0.75,0.5,2.75,0.73,alpha_first
parameterized,-0.75,1.0,3.3203125,0.765,alpha_first
parameterized,-0.75,1.5,3.40234375,0.785,alpha_first
parameterized,-0.75,2.0,3.025390625,0.765,alpha_first
orthogonal-parameterized,-0.5,-2.0,-0.452392578125,0.35,alpha_first
orthogonal-parameterized,-0.5,-1.5,-0.376220703125,0.4,alpha_first
orthogonal-parameterized,-0.5,-1.0,-0.320068359375,0.435,alpha_first
orthogonal-parameterized,-0.5,-0.5,-0.1624755859375,0.485,alpha_first
orthogonal-parameterized,-0.5,0.0,0.21875,0.51,alpha_first
orthogonal-parameterized,-0.5,0.5,1.0927734375,0.565,alpha_first
orthogonal-parameterized,-0.5,1.0,1.9013671875,0.625,alpha_first
orthogonal-parameterized,-0.5,1.5,2.875,0.735,alpha_first
orthogonal-parameterized,-0.5,2.0,3.720703125,0.785,alpha_first
parameterized,-0.5,-2.0,-0.2225341796875,0.45,alpha_first
parameterized,-0.5,-1.5,-0.032501220703125,0.48,alpha_first
parameterized,-0.5,-1.0,0.322509765625,0.515,alpha_first
parameterized,-0.5,-0.5,1.150390625,0.585,alpha_first
parameterized,-0.5,0.0,1.9921875,0.645,alpha_first
parameterized,-0.5,0.5,2.921875,0.735,alpha_first
parameterized,-0.5,1.0,3.57421875,0.79,alpha_first
parameterized,-0.5,1.5,3.64453125,0.79,alpha_first
parameterized,-0.5,2.0,3.1875,0.765,alpha_first
orthogonal-parameterized,-0.25,-2.0,-0.3525390625,0.4,alpha_first
orthogonal-parameterized,-0.25,-1.5,-0.336181640625,0.435,alpha_first
orthogonal-parameterized,-0.25,-1.0,-0.2225341796875,0.5,alpha_first
orthogonal-parameterized,-0.25,-0.5,0.1387939453125,0.525,alpha_first
orthogonal-parameterized,-0.25,0.0,0.97998046875,0.555,alpha_first
orthogonal-parameterized,-0.25,0.5,1.8154296875,0.625,alpha_first
orthogonal-parameterized,-0.25,1.0,2.84765625,0.74,alpha_first
orthogonal-parameterized,-0.25,1.5,3.814453125,0.79,alpha_first
orthogonal-parameterized,-0.25,2.0,4.08203125,0.785,alpha_first
parameterized,-0.25,-2.0,-0.253662109375,0.455,alpha_first
parameterized,-0.25,-1.5,-0.08502197265625,0.485,alpha_first
parameterized,-0.25,-1.0,0.3798828125,0.525,alpha_first
parameterized,-0.25,-0.5,1.2314453125,0.58,alpha_first
parameterized,-0.25,0.0,2.091796875,0.645,alpha_first
parameterized,-0.25,0.5,3.078125,0.74,alpha_first
parameterized,-0.25,1.0,3.828125,0.79,alpha_first
parameterized,-0.25,1.5,3.84765625,0.785,alpha_first
parameterized,-0.25,2.0,3.33984375,0.755,alpha_first
orthogonal-parameterized,0.0,-2.0,-0.36376953125,0.425,alpha_first
orthogonal-parameterized,0.0,-1.5,-0.304931640625,0.47,alpha_first
orthogonal-parameterized,0.0,-1.0,-0.092529296875,0.505,alpha_first
orthogonal-parameterized,0.0,-0.5,0.638671875,0.545,alpha_first
orthogonal-parameterized,0.0,0.0,1.5087890625,0.59,alpha_first
orthogonal-parameterized,0.0,0.5,2.439453125,0.695,alpha_first
orthogonal-parameterized,0.0,1.0,3.568359375,0.76,alpha_first
orthogonal-parameterized,0.0,1.5,4.21484375,0.795,alpha_first
orthogonal-parameterized,0.0,2.0,4.01171875,0.78,alpha_first
parameterized,0.0,-2.0,-0.28125,0.48,alpha_first
parameterized,0.0,-1.5,-0.07000732421875,0.495,alpha_first
parameterized,0.0,-1.0,0.43115234375,0.54,alpha_first
parameterized,0.0,-0.5,1.2861328125,0.575,alpha_first
parameterized,0.0,0.0,2.13671875,0.645,alpha_first
parameterized,0.0,0.5,3.189453125,0.75,alpha_first
parameterized,0.0,1.0,3.982421875,0.79,alpha_first
parameterized,0.0,1.5,3.96484375,0.78,alpha_first
parameterized,0.0,2.0,3.375,0.765,alpha_first
orthogonal-parameterized,0.25,-2.0,-0.35498046875,0.455,alpha_first
orthogonal-parameterized,0.25,-1.5,-0.2012939453125,0.49,alpha_first
orthogonal-parameterized,0.25,-1.0,0.26123046875,0.52,alpha_first
orthogonal-parameterized,0.25,-0.5,1.2197265625,0.56,alpha_first
orthogonal-parameterized,0.25,0.0,2.078125,0.645,alpha_first
orthogonal-parameterized,0.25,0.5,3.1953125,0.755,alpha_first
orthogonal-parameterized,0.25,1.0,4.17578125,0.795,alpha_first
orthogonal-parameterized,0.25,1.5,4.27734375,0.795,alpha_first
orthogonal-parameterized,0.25,2.0,3.677734375,0.755,alpha_first
parameterized,0.25,-2.0,-0.282470703125,0.475,alpha_first
parameterized,0.25,-1.5,-0.094970703125,0.505,alpha_first
parameterized,0.25,-1.0,0.4599609375,0.54,alpha_first
parameterized,0.25,-0.5,1.3408203125,0.58,alpha_first
parameterized,0.25,0.0,2.203125,0.675,alpha_first
parameterized,0.25,0.5,3.349609375,0.755,alpha_first
parameterized,0.25,1.0,4.140625,0.79,alpha_first
parameterized,0.25,1.5,4.09765625,0.785,alpha_first
parameterized,0.25,2.0,3.4375,0.745,alpha_first
orthogonal-parameterized,0.5,-2.0,-0.2362060546875,0.49,alpha_first
orthogonal-parameterized,0.5,-1.5,0.2049560546875,0.525,alpha_first
orthogonal-parameterized,0.5,-1.0,1.1787109375,0.57,alpha_first
orthogonal-parameterized,0.5,-0.5,2.130859375,0.64,alpha_first
orthogonal-parameterized,0.5,0.0,3.205078125,0.73,alpha_first
orthogonal-parameterized,0.5,0.5,4.22265625,0.77,alpha_first
orthogonal-parameterized,0.5,1.0,4.375,0.775,alpha_first
orthogonal-parameterized,0.5,1.5,3.8359375,0.745,alpha_first
orthogonal-parameterized,0.5,2.0,3.087890625,0.725,alpha_first
parameterized,0.5,-2.0,-0.27880859375,0.485,alpha_first
parameterized,0.5,-1.5,-0.11627197265625,0.5,alpha_first
parameterized,0.5,-1.0,0.615234375,0.54,alpha_first
parameterized,0.5,-0.5,1.462890625,0.585,alpha_first
parameterized,0.5,0.0,2.404296875,0.68,alpha_first
parameterized,0.5,0.5,3.544921875,0.755,alpha_first
parameterized,0.5,1.0,4.328125,0.785,alpha_first
parameterized,0.5,1.5,4.1953125,0.78,alpha_first
parameterized,0.5,2.0,3.474609375,0.745,alpha_first
orthogonal-parameterized,0.75,-2.0,0.1300048828125,0.525,alpha_first
orthogonal-parameterized,0.75,-1.5,1.1416015625,0.555,alpha_first
orthogonal-parameterized,0.75,-1.0,2.15625,0.625,alpha_first
orthogonal-parameterized,0.75,-0.5,3.251953125,0.725,alpha_first
orthogonal-parameterized,0.75,0.0,4.2265625,0.765,alpha_first
orthogonal-parameterized,0.75,0.5,4.48046875,0.785,alpha_first
orthogonal-parameterized,0.75,1.0,3.990234375,0.75,alpha_first
orthogonal-parameterized,0.75,1.5,3.21484375,0.73,alpha_first
orthogonal-parameterized,0.75,2.0,2.513671875,0.69,alpha_first
parameterized,0.75,-2.0,-0.308837890625,0.475,alpha_first
parameterized,0.75,-1.5,-0.0887451171875,0.49,alpha_first
parameterized,0.75,-1.0,0.6875,0.535,alpha_first
parameterized,0.75,-0.5,1.65625,0.6,alpha_first
parameterized,0.75,0.0,2.640625,0.69,alpha_first
parameterized,0.75,0.5,3.794921875,0.76,alpha_first
parameterized,0.75,1.0,4.4609375,0.78,alpha_first
parameterized,0.75,1.5,4.24609375,0.76,alpha_first
parameterized,0.75,2.0,3.5,0.745,alpha_first
orthogonal-parameterized,1.0,-2.0,0.74609375,0.555,alpha_first
orthogonal-parameterized,1.0,-1.5,1.8310546875,0.61,alpha_first
orthogonal-parameterized,1.0,-1.0,2.8671875,0.685,alpha_first
orthogonal-parameterized,1.0,-0.5,3.947265625,0.755,alpha_first
orthogonal-parameterized,1.0,0.0,4.48828125,0.775,alpha_first
orthogonal-parameterized,1.0,0.5,4.2578125,0.75,alpha_first
orthogonal-parameterized,1.0,1.0,3.509765625,0.735,alpha_first
orthogonal-parameterized,1.0,1.5,2.77734375,0.71,alpha_first
orthogonal-parameterized,1.0,2.0,2.1796875,0.645,alpha_first
parameterized,1.0,-2.0,-0.302490234375,0.475,alpha_first
parameterized,1.0,-1.5,-0.05999755859375,0.495,alpha_first
parameterized,1.0,-1.0,0.83251953125,0.545,alpha_first
parameterized,1.0,-0.5,1.78125,0.605,alpha_first
parameterized,1.0,0.0,2.802734375,0.69,alpha_first
parameterized,1.0,0.5,3.9296875,0.75,alpha_first
parameterized,1.0,1.0,4.515625,0.785,alpha_first
parameterized,1.0,1.5,4.234375,0.755,alpha_first
parameterized,1.0,2.0,3.482421875,0.73,alpha_first
orthogonal-parameterized,1.25,-2.0,1.4658203125,0.58,alpha_first
orthogonal-parameterized,1.25,-1.5,2.529296875,0.64,alpha_first
orthogonal-parameterized,1.25,-1.0,3.599609375,0.725,alpha_first
orthogonal-parameterized,1.25,-0.5,4.3671875,0.755,alpha_first
orthogonal-parameterized,1.25,0.0,4.40625,0.76,alpha_first
orthogonal-parameterized,1.25,0.5,3.8125,0.745,alpha_first
orthogonal-parameterized,1.25,1.0,3.044921875,0.705,alpha_first
orthogonal-parameterized,1.25,1.5,2.380859375,0.65,alpha_first
orthogonal-parameterized,1.25,2.0,1.8984375,0.595,alpha_first
parameterized,1.25,-2.0,-0.30615234375,0.48,alpha_first
parameterized,1.25,-1.5,-0.0149993896484375,0.505,alpha_first
parameterized,1.25,-1.0,0.89013671875,0.555,alpha_first
parameterized,1.25,-0.5,1.9453125,0.615,alpha_first
parameterized,1.25,0.0,2.990234375,0.685,alpha_first
parameterized,1.25,0.5,4.05859375,0.745,alpha_first
parameterized,1.25,1.0,4.515625,0.77,alpha_first
parameterized,1.25,1.5,4.203125,0.75,alpha_first
parameterized,1.25,2.0,3.447265625,0.735,alpha_first
orthogonal-parameterized,1.5,-2.0,2.505859375,0.63,alpha_first
orthogonal-parameterized,1.5,-1.5,3.568359375,0.715,alpha_first
orthogonal-parameterized,1.5,-1.0,4.24609375,0.745,alpha_first
orthogonal-parameterized,1.5,-0.5,4.328125,0.75,alpha_first
orthogonal-parameterized,1.5,0.0,3.822265625,0.745,alpha_first
orthogonal-parameterized,1.5,0.5,3.0859375,0.705,alpha_first
orthogonal-parameterized,1.5,1.0,2.45703125,0.655,alpha_first
orthogonal-parameterized,1.5,1.5,1.96875,0.6,alpha_first
orthogonal-parameterized,1.5,2.0,1.5087890625,0.535,alpha_first
parameterized,1.5,-2.0,-0.271240234375,0.48,alpha_first
parameterized,1.5,-1.5,0.0124969482421875,0.51,alpha_first
parameterized,1.5,-1.0,1.03125,0.56,alpha_first
parameterized,1.5,-0.5,2.13671875,0.62,alpha_first
parameterized,1.5,0.0,3.212890625,0.695,alpha_first
parameterized,1.5,0.5,4.16015625,0.74,alpha_first
parameterized,1.5,1.0,4.49609375,0.76,alpha_first
parameterized,1.5,1.5,4.1015625,0.75,alpha_first
parameterized,1.5,2.0,3.3515625,0.715,alpha_first
orthogonal-parameterized,1.75,-2.0,3.4375,0.69,alpha_first
orthogonal-parameterized,1.75,-1.5,4.1171875,0.73,alpha_first
orthogonal-parameterized,1.75,-1.0,4.23828125,0.75,alpha_first
orthogonal-parameterized,1.75,-0.5,3.796875,0.745,alpha_first
orthogonal-parameterized,1.75,0.0,3.1015625,0.7,alpha_first
orthogonal-parameterized,1.75,0.5,2.462890625,0.635,alpha_first
orthogonal-parameterized,1.75,1.0,1.955078125,0.6,alpha_first
orthogonal-parameterized,1.75,1.5,1.5361328125,0.545,alpha_first
orthogonal-parameterized,1.75,2.0,1.1708984375,0.525,alpha_first
parameterized,1.75,-2.0,-0.263671875,0.485,alpha_first
parameterized,1.75,-1.5,0.125,0.51,alpha_first
parameterized,1.75,-1.0,1.1533203125,0.565,alpha_first
parameterized,1.75,-0.5,2.310546875,0.62,alpha_first
parameterized,1.75,0.0,3.376953125,0.695,alpha_first
parameterized,1.75,0.5,4.1875,0.735,alpha_first
parameterized,1.75,1.0,4.3984375,0.75,alpha_first
parameterized,1.75,1.5,3.9765625,0.735,alpha_first
parameterized,1.75,2.0,3.2421875,0.7,alpha_first
orthogonal-parameterized,2.0,-2.0,3.82421875,0.725,alpha_first
orthogonal-parameterized,2.0,-1.5,4.16796875,0.75,alpha_first
orthogonal-parameterized,2.0,-1.0,3.890625,0.735,alpha_first
orthogonal-parameterized,2.0,-0.5,3.345703125,0.71,alpha_first
orthogonal-parameterized,2.0,0.0,2.662109375,0.66,alpha_first
orthogonal-parameterized,2.0,0.5,2.123046875,0.61,alpha_first
orthogonal-parameterized,2.0,1.0,1.6650390625,0.555,alpha_first
orthogonal-parameterized,2.0,1.5,1.294921875,0.53,alpha_first
orthogonal-parameterized,2.0,2.0,0.99267578125,0.51,alpha_first
parameterized,2.0,-2.0,-0.206298828125,0.485,alpha_first
parameterized,2.0,-1.5,0.15380859375,0.515,alpha_first
parameterized,2.0,-1.0,1.21484375,0.575,alpha_first
parameterized,2.0,-0.5,2.390625,0.605,alpha_first
parameterized,2.0,0.0,3.4296875,0.68,alpha_first
parameterized,2.0,0.5,4.16796875,0.73,alpha_first
parameterized,2.0,1.0,4.28515625,0.75,alpha_first
parameterized,2.0,1.5,3.873046875,0.72,alpha_first
parameterized,2.0,2.0,3.1875,0.695,alpha_first
orthogonal-parameterized,-2.0,-2.0,-0.43115234375,0.495,beta_first
orthogonal-parameterized,-2.0,-1.5,-0.46630859375,0.495,beta_first
orthogonal-parameterized,-2.0,-1.0,-0.5224609375,0.46,beta_first
orthogonal-parameterized,-2.0,-0.5,-0.5126953125,0.39,beta_first
orthogonal-parameterized,-2.0,0.0,-0.436279296875,0.345,beta_first
orthogonal-parameterized,-2.0,0.5,-0.28369140625,0.36,beta_first
orthogonal-parameterized,-2.0,1.0,-0.168701171875,0.385,beta_first
orthogonal-parameterized,-2.0,1.5,-0.03375244140625,0.46,beta_first
orthogonal-parameterized,-2.0,2.0,0.1949462890625,0.505,beta_first
parameterized,-2.0,-2.0,-0.55517578125,0.355,beta_first
parameterized,-2.0,-1.5,-0.5439453125,0.345,beta_first
parameterized,-2.0,-1.0,-0.5263671875,0.34,beta_first
parameterized,-2.0,-0.5,-0.49755859375,0.335,beta_first
parameterized,-2.0,0.0,-0.4775390625,0.305,beta_first
parameterized,-2.0,0.5,-0.41748046875,0.315,beta_first
parameterized,-2.0,1.0,-0.367431640625,0.315,beta_first
parameterized,-2.0,1.5,-0.33740234375,0.325,beta_first
parameterized,-2.0,2.0,-0.257568359375,0.355,beta_first
orthogonal-parameterized,-1.75,-2.0,-0.4638671875,0.495,beta_first
orthogonal-parameterized,-1.75,-1.5,-0.517578125,0.48,beta_first
orthogonal-parameterized,-1.75,-1.0,-0.52001953125,0.44,beta_first
orthogonal-parameterized,-1.75,-0.5,-0.472412109375,0.375,beta_first
orthogonal-parameterized,-1.75,0.0,-0.36865234375,0.365,beta_first
orthogonal-parameterized,-1.75,0.5,-0.219970703125,0.385,beta_first
orthogonal-parameterized,-1.75,1.0,-0.1187744140625,0.45,beta_first
orthogonal-parameterized,-1.75,1.5,0.07122802734375,0.49,beta_first
orthogonal-parameterized,-1.75,2.0,0.40625,0.525,beta_first
parameterized,-1.75,-2.0,-0.498779296875,0.345,beta_first
parameterized,-1.75,-1.5,-0.51513671875,0.335,beta_first
parameterized,-1.75,-1.0,-0.486328125,0.315,beta_first
parameterized,-1.75,-0.5,-0.449951171875,0.325,beta_first
parameterized,-1.75,0.0,-0.402587890625,0.32,beta_first
parameterized,-1.75,0.5,-0.333740234375,0.34,beta_first
parameterized,-1.75,1.0,-0.3125,0.335,beta_first
parameterized,-1.75,1.5,-0.2763671875,0.355,beta_first
parameterized,-1.75,2.0,-0.231201171875,0.355,beta_first
orthogonal-parameterized,-1.5,-2.0,-0.486328125,0.495,beta_first
orthogonal-parameterized,-1.5,-1.5,-0.52490234375,0.44,beta_first
orthogonal-parameterized,-1.5,-1.0,-0.50146484375,0.38,beta_first
orthogonal-parameterized,-1.5,-0.5,-0.4111328125,0.345,beta_first
orthogonal-parameterized,-1.5,0.0,-0.27880859375,0.375,beta_first
orthogonal-parameterized,-1.5,0.5,-0.1937255859375,0.435,beta_first
orthogonal-parameterized,-1.5,1.0,-0.0025005340576171875,0.48,beta_first
orthogonal-parameterized,-1.5,1.5,0.3388671875,0.525,beta_first
orthogonal-parameterized,-1.5,2.0,1.00390625,0.57,beta_first
parameterized,-1.5,-2.0,-0.3974609375,0.355,beta_first
parameterized,-1.5,-1.5,-0.40625,0.355,beta_first
parameterized,-1.5,-1.0,-0.34619140625,0.37,beta_first
parameterized,-1.5,-0.5,-0.308837890625,0.365,beta_first
parameterized,-1.5,0.0,-0.28125,0.365,beta_first
parameterized,-1.5,0.5,-0.228759765625,0.38,beta_first
parameterized,-1.5,1.0,-0.217529296875,0.355,beta_first
parameterized,-1.5,1.5,-0.15380859375,0.38,beta_first
parameterized,-1.5,2.0,-0.11248779296875,0.395,beta_first
orthogonal-parameterized,-1.25,-2.0,-0.52978515625,0.45,beta_first
orthogonal-parameterized,-1.25,-1.5,-0.5087890625,0.395,beta_first
orthogonal-parameterized,-1.25,-1.0,-0.416259765625,0.365,beta_first
orthogonal-parameterized,-1.25,-0.5,-0.3076171875,0.385,beta_first
orthogonal-parameterized,-1.25,0.0,-0.219970703125,0.425,beta_first
orthogonal-parameterized,-1.25,0.5,-0.07373046875,0.465,beta_first
orthogonal-parameterized,-1.25,1.0,0.264892578125,0.51,beta_first
orthogonal-parameterized,-1.25,1.5,0.98486328125,0.58,beta_first
orthogonal-parameterized,-1.25,2.0,1.8408203125,0.64,beta_first
parameterized,-1.25,-2.0,-0.3525390625,0.415,beta_first
parameterized,-1.25,-1.5,-0.336181640625,0.42,beta_first
parameterized,-1.25,-1.0,-0.3125,0.42,beta_first
parameterized,-1.25,-0.5,-0.266357421875,0.42,beta_first
parameterized,-1.25,0.0,-0.2225341796875,0.425,beta_first
parameterized,-1.25,0.5,-0.1636962890625,0.44,beta_first
parameterized,-1.25,1.0,-0.143798828125,0.425,beta_first
parameterized,-1.25,1.5,-0.05999755859375,0.42,beta_first
parameterized,-1.25,2.0,-0.027496337890625,0.415,beta_first
orthogonal-parameterized,-1.0,-2.0,-0.52978515625,0.42,beta_first
orthogonal-parameterized,-1.0,-1.5,-0.4951171875,0.355,beta_first
orthogonal-parameterized,-1.0,-1.0,-0.38134765625,0.36,beta_first
orthogonal-parameterized,-1.0,-0.5,-0.262451171875,0.42,beta_first
orthogonal-parameterized,-1.0,0.0,-0.1712646484375,0.46,beta_first
orthogonal-parameterized,-1.0,0.5,0.0675048828125,0.5,beta_first
orthogonal-parameterized,-1.0,1.0,0.65625,0.55,beta_first
orthogonal-parameterized,-1.0,1.5,1.505859375,0.605,beta_first
orthogonal-parameterized,-1.0,2.0,2.353515625,0.7,beta_first
parameterized,-1.0,-2.0,-0.3662109375,0.45,beta_first
parameterized,-1.0,-1.5,-0.32373046875,0.455,beta_first
parameterized,-1.0,-1.0,-0.282470703125,0.445,beta_first
parameterized,-1.0,-0.5,-0.25244140625,0.46,beta_first
parameterized,-1.0,0.0,-0.1787109375,0.465,beta_first
parameterized,-1.0,0.5,-0.126220703125,0.47,beta_first
parameterized,-1.0,1.0,-0.06622314453125,0.45,beta_first
parameterized,-1.0,1.5,-0.00749969482421875,0.45,beta_first
parameterized,-1.0,2.0,0.052490234375,0.44,beta_first
orthogonal-parameterized,-0.75,-2.0,-0.51611328125,0.39,beta_first
orthogonal-parameterized,-0.75,-1.5,-0.43505859375,0.355,beta_first
orthogonal-parameterized,-0.75,-1.0,-0.357421875,0.39,beta_first
orthogonal-parameterized,-0.75,-0.5,-0.2587890625,0.45,beta_first
orthogonal-parameterized,-0.75,0.0,-0.125,0.47,beta_first
orthogonal-parameterized,-0.75,0.5,0.31494140625,0.51,beta_first
orthogonal-parameterized,-0.75,1.0,1.1884765625,0.58,beta_first
orthogonal-parameterized,-0.75,1.5,1.9990234375,0.645,beta_first
orthogonal-parameterized,-0.75,2.0,2.91796875,0.745,beta_first
parameterized,-0.75,-2.0,-0.268798828125,0.485,beta_first
parameterized,-0.75,-1.5,-0.25,0.49,beta_first
parameterized,-0.75,-1.0,-0.199951171875,0.48,beta_first
parameterized,-0.75,-0.5,-0.137451171875,0.485,beta_first
parameterized,-0.75,0.0,-0.0687255859375,0.465,beta_first
parameterized,-0.75,0.5,-0.0137481689453125,0.485,beta_first
parameterized,-0.75,1.0,0.06500244140625,0.485,beta_first
parameterized,-0.75,1.5,0.10247802734375,0.5,beta_first
parameterized,-0.75,2.0,0.166259765625,0.48,beta_first
orthogonal-parameterized,-0.5,-2.0,-0.4462890625,0.35,beta_first
orthogonal-parameterized,-0.5,-1.5,-0.3701171875,0.4,beta_first
orthogonal-parameterized,-0.5,-1.0,-0.3173828125,0.44,beta_first
orthogonal-parameterized,-0.5,-0.5,-0.15869140625,0.475,beta_first
orthogonal-parameterized,-0.5,0.0,0.237548828125,0.51,beta_first
orthogonal-parameterized,-0.5,0.5,1.0615234375,0.555,beta_first
orthogonal-parameterized,-0.5,1.0,1.91015625,0.625,beta_first
orthogonal-parameterized,-0.5,1.5,2.892578125,0.74,beta_first
orthogonal-parameterized,-0.5,2.0,3.69921875,0.785,beta_first
parameterized,-0.5,-2.0,-0.0362548828125,0.505,beta_first
parameterized,-0.5,-1.5,0.063720703125,0.515,beta_first
parameterized,-0.5,-1.0,0.1087646484375,0.515,beta_first
parameterized,-0.5,-0.5,0.175048828125,0.515,beta_first
parameterized,-0.5,0.0,0.262451171875,0.495,beta_first
parameterized,-0.5,0.5,0.327392578125,0.515,beta_first
parameterized,-0.5,1.0,0.4111328125,0.53,beta_first
parameterized,-0.5,1.5,0.467529296875,0.555,beta_first
parameterized,-0.5,2.0,0.5263671875,0.545,beta_first
orthogonal-parameterized,-0.25,-2.0,-0.36376953125,0.4,beta_first
orthogonal-parameterized,-0.25,-1.5,-0.356201171875,0.44,beta_first
orthogonal-parameterized,-0.25,-1.0,-0.21630859375,0.485,beta_first
orthogonal-parameterized,-0.25,-0.5,0.1324462890625,0.515,beta_first
orthogonal-parameterized,-0.25,0.0,0.97265625,0.555,beta_first
orthogonal-parameterized,-0.25,0.5,1.8173828125,0.625,beta_first
orthogonal-parameterized,-0.25,1.0,2.8515625,0.74,beta_first
orthogonal-parameterized,-0.25,1.5,3.83984375,0.79,beta_first
orthogonal-parameterized,-0.25,2.0,4.0859375,0.78,beta_first
parameterized,-0.25,-2.0,0.81982421875,0.56,beta_first
parameterized,-0.25,-1.5,0.896484375,0.545,beta_first
parameterized,-0.25,-1.0,0.95263671875,0.555,beta_first
parameterized,-0.25,-0.5,0.9951171875,0.555,beta_first
parameterized,-0.25,0.0,1.0029296875,0.555,beta_first
parameterized,-0.25,0.5,1.0751953125,0.565,beta_first
parameterized,-0.25,1.0,1.1201171875,0.58,beta_first
parameterized,-0.25,1.5,1.1728515625,0.58,beta_first
parameterized,-0.25,2.0,1.2099609375,0.595,beta_first
orthogonal-parameterized,0.0,-2.0,-0.358642578125,0.43,beta_first
orthogonal-parameterized,0.0,-1.5,-0.30126953125,0.465,beta_first
orthogonal-parameterized,0.0,-1.0,-0.09002685546875,0.5,beta_first
orthogonal-parameterized,0.0,-0.5,0.6337890625,0.54,beta_first
orthogonal-parameterized,0.0,0.0,1.50390625,0.585,beta_first
orthogonal-parameterized,0.0,0.5,2.435546875,0.695,beta_first
orthogonal-parameterized,0.0,1.0,3.572265625,0.765,beta_first
orthogonal-parameterized,0.0,1.5,4.203125,0.795,beta_first
orthogonal-parameterized,0.0,2.0,3.98828125,0.78,beta_first
parameterized,0.0,-2.0,1.541015625,0.585,beta_first
parameterized,0.0,-1.5,1.5126953125,0.58,beta_first
parameterized,0.0,-1.0,1.5078125,0.585,beta_first
parameterized,0.0,-0.5,1.5,0.585,beta_first
parameterized,0.0,0.0,1.486328125,0.595,beta_first
parameterized,0.0,0.5,1.5439453125,0.605,beta_first
parameterized,0.0,1.0,1.607421875,0.62,beta_first
parameterized,0.0,1.5,1.697265625,0.625,beta_first
parameterized,0.0,2.0,1.7109375,0.645,beta_first
orthogonal-parameterized,0.25,-2.0,-0.3349609375,0.46,beta_first
orthogonal-parameterized,0.25,-1.5,-0.2037353515625,0.49,beta_first
orthogonal-parameterized,0.25,-1.0,0.2548828125,0.525,beta_first
orthogonal-parameterized,0.25,-0.5,1.2158203125,0.56,beta_first
orthogonal-parameterized,0.25,0.0,2.064453125,0.645,beta_first
orthogonal-parameterized,0.25,0.5,3.171875,0.75,beta_first
orthogonal-parameterized,0.25,1.0,4.15234375,0.795,beta_first
orthogonal-parameterized,0.25,1.5,4.2890625,0.785,beta_first
orthogonal-parameterized,0.25,2.0,3.712890625,0.75,beta_first
parameterized,0.25,-2.0,2.212890625,0.625,beta_first
parameterized,0.25,-1.5,2.171875,0.62,beta_first
parameterized,0.25,-1.0,2.154296875,0.635,beta_first
parameterized,0.25,-0.5,2.076171875,0.645,beta_first
parameterized,0.25,0.0,2.060546875,0.655,beta_first
parameterized,0.25,0.5,2.091796875,0.665,beta_first
parameterized,0.25,1.0,2.15234375,0.66,beta_first
parameterized,0.25,1.5,2.189453125,0.685,beta_first
parameterized,0.25,2.0,2.2265625,0.695,beta_first
orthogonal-parameterized,0.5,-2.0,-0.288818359375,0.49,beta_first
orthogonal-parameterized,0.5,-1.5,0.1937255859375,0.52,beta_first
orthogonal-parameterized,0.5,-1.0,1.1826171875,0.575,beta_first
orthogonal-parameterized,0.5,-0.5,2.111328125,0.635,beta_first
orthogonal-parameterized,0.5,0.0,3.189453125,0.73,beta_first
orthogonal-parameterized,0.5,0.5,4.2109375,0.77,beta_first
orthogonal-parameterized,0.5,1.0,4.40234375,0.78,beta_first
orthogonal-parameterized,0.5,1.5,3.86328125,0.745,beta_first
orthogonal-parameterized,0.5,2.0,3.08203125,0.73,beta_first
parameterized,0.5,-2.0,3.19921875,0.685,beta_first
parameterized,0.5,-1.5,3.23828125,0.71,beta_first
parameterized,0.5,-1.0,3.2109375,0.71,beta_first
parameterized,0.5,-0.5,3.16796875,0.72,beta_first
parameterized,0.5,0.0,3.140625,0.745,beta_first
parameterized,0.5,0.5,3.119140625,0.745,beta_first
parameterized,0.5,1.0,3.126953125,0.745,beta_first
parameterized,0.5,1.5,3.068359375,0.74,beta_first
parameterized,0.5,2.0,2.9921875,0.755,beta_first
orthogonal-parameterized,0.75,-2.0,0.1387939453125,0.53,beta_first
orthogonal-parameterized,0.75,-1.5,1.16015625,0.56,beta_first
orthogonal-parameterized,0.75,-1.0,2.14453125,0.615,beta_first
orthogonal-parameterized,0.75,-0.5,3.2421875,0.715,beta_first
orthogonal-parameterized,0.75,0.0,4.24609375,0.77,beta_first
orthogonal-parameterized,0.75,0.5,4.484375,0.78,beta_first
orthogonal-parameterized,0.75,1.0,3.966796875,0.75,beta_first
orthogonal-parameterized,0.75,1.5,3.189453125,0.73,beta_first
orthogonal-parameterized,0.75,2.0,2.498046875,0.68,beta_first
parameterized,0.75,-2.0,3.955078125,0.73,beta_first
parameterized,0.75,-1.5,4.0703125,0.735,beta_first
parameterized,0.75,-1.0,4.1328125,0.745,beta_first
parameterized,0.75,-0.5,4.1640625,0.76,beta_first
parameterized,0.75,0.0,4.11328125,0.76,beta_first
parameterized,0.75,0.5,4.06640625,0.78,beta_first
parameterized,0.75,1.0,3.94921875,0.795,beta_first
parameterized,0.75,1.5,3.79296875,0.79,beta_first
parameterized,0.75,2.0,3.572265625,0.78,beta_first
orthogonal-parameterized,1.0,-2.0,0.76123046875,0.555,beta_first
orthogonal-parameterized,1.0,-1.5,1.83203125,0.61,beta_first
orthogonal-parameterized,1.0,-1.0,2.884765625,0.685,beta_first
orthogonal-parameterized,1.0,-0.5,3.97265625,0.745,beta_first
orthogonal-parameterized,1.0,0.0,4.4765625,0.775,beta_first
orthogonal-parameterized,1.0,0.5,4.25390625,0.75,beta_first
orthogonal-parameterized,1.0,1.0,3.509765625,0.745,beta_first
orthogonal-parameterized,1.0,1.5,2.77734375,0.705,beta_first
orthogonal-parameterized,1.0,2.0,2.20703125,0.645,beta_first
parameterized,1.0,-2.0,4.12890625,0.74,beta_first
parameterized,1.0,-1.5,4.296875,0.74,beta_first
parameterized,1.0,-1.0,4.36328125,0.75,beta_first
parameterized,1.0,-0.5,4.390625,0.765,beta_first
parameterized,1.0,0.0,4.36328125,0.775,beta_first
parameterized,1.0,0.5,4.296875,0.765,beta_first
parameterized,1.0,1.0,4.14453125,0.765,beta_first
parameterized,1.0,1.5,3.9375,0.765,beta_first
parameterized,1.0,2.0,3.703125,0.765,beta_first
orthogonal-parameterized,1.25,-2.0,1.4541015625,0.575,beta_first
orthogonal-parameterized,1.25,-1.5,2.525390625,0.64,beta_first
orthogonal-parameterized,1.25,-1.0,3.5859375,0.73,beta_first
orthogonal-parameterized,1.25,-0.5,4.37890625,0.755,beta_first
orthogonal-parameterized,1.25,0.0,4.4140625,0.755,beta_first
orthogonal-parameterized,1.25,0.5,3.802734375,0.755,beta_first
orthogonal-parameterized,1.25,1.0,3.064453125,0.72,beta_first
orthogonal-parameterized,1.25,1.5,2.384765625,0.655,beta_first
orthogonal-parameterized,1.25,2.0,1.8837890625,0.6,beta_first
parameterized,1.25,-2.0,4.05078125,0.74,beta_first
parameterized,1.25,-1.5,4.2109375,0.75,beta_first
parameterized,1.25,-1.0,4.296875,0.745,beta_first
parameterized,1.25,-0.5,4.296875,0.745,beta_first
parameterized,1.25,0.0,4.30078125,0.75,beta_first
parameterized,1.25,0.5,4.19921875,0.76,beta_first
parameterized,1.25,1.0,4.01171875,0.755,beta_first
parameterized,1.25,1.5,3.810546875,0.76,beta_first
parameterized,1.25,2.0,3.580078125,0.755,beta_first
orthogonal-parameterized,1.5,-2.0,2.51171875,0.63,beta_first
orthogonal-parameterized,1.5,-1.5,3.544921875,0.71,beta_first
orthogonal-parameterized,1.5,-1.0,4.2421875,0.745,beta_first
orthogonal-parameterized,1.5,-0.5,4.328125,0.75,beta_first
orthogonal-parameterized,1.5,0.0,3.8203125,0.74,beta_first
orthogonal-parameterized,1.5,0.5,3.08984375,0.705,beta_first
orthogonal-parameterized,1.5,1.0,2.4296875,0.65,beta_first
orthogonal-parameterized,1.5,1.5,1.951171875,0.6,beta_first
orthogonal-parameterized,1.5,2.0,1.51953125,0.545,beta_first
parameterized,1.5,-2.0,3.59765625,0.71,beta_first
parameterized,1.5,-1.5,3.744140625,0.72,beta_first
parameterized,1.5,-1.0,3.78515625,0.725,beta_first
parameterized,1.5,-0.5,3.767578125,0.73,beta_first
parameterized,1.5,0.0,3.73828125,0.74,beta_first
parameterized,1.5,0.5,3.626953125,0.735,beta_first
parameterized,1.5,1.0,3.490234375,0.735,beta_first
parameterized,1.5,1.5,3.318359375,0.735,beta_first
parameterized,1.5,2.0,3.125,0.735,beta_first
orthogonal-parameterized,1.75,-2.0,3.439453125,0.695,beta_first
orthogonal-parameterized,1.75,-1.5,4.140625,0.74,beta_first
orthogonal-parameterized,1.75,-1.0,4.25390625,0.75,beta_first
orthogonal-parameterized,1.75,-0.5,3.787109375,0.74,beta_first
orthogonal-parameterized,1.75,0.0,3.09765625,0.7,beta_first
orthogonal-parameterized,1.75,0.5,2.45703125,0.64,beta_first
orthogonal-parameterized,1.75,1.0,1.951171875,0.59,beta_first
orthogonal-parameterized,1.75,1.5,1.5400390625,0.54,beta_first
orthogonal-parameterized,1.75,2.0,1.173828125,0.52,beta_first
parameterized,1.75,-2.0,3.005859375,0.67,beta_first
parameterized,1.75,-1.5,3.052734375,0.675,beta_first
parameterized,1.75,-1.0,3.087890625,0.685,beta_first
parameterized,1.75,-0.5,3.1015625,0.695,beta_first
parameterized,1.75,0.0,3.0390625,0.7,beta_first
parameterized,1.75,0.5,2.966796875,0.69,beta_first
parameterized,1.75,1.0,2.857421875,0.71,beta_first
parameterized,1.75,1.5,2.7578125,0.71,beta_first
parameterized,1.75,2.0,2.634765625,0.7,beta_first
orthogonal-parameterized,2.0,-2.0,3.822265625,0.725,beta_first
orthogonal-parameterized,2.0,-1.5,4.1484375,0.75,beta_first
orthogonal-parameterized,2.0,-1.0,3.912109375,0.73,beta_first
orthogonal-parameterized,2.0,-0.5,3.341796875,0.71,beta_first
orthogonal-parameterized,2.0,0.0,2.689453125,0.65,beta_first
orthogonal-parameterized,2.0,0.5,2.12890625,0.61,beta_first
orthogonal-parameterized,2.0,1.0,1.6884765625,0.56,beta_first
orthogonal-parameterized,2.0,1.5,1.3115234375,0.535,beta_first
orthogonal-parameterized,2.0,2.0,0.99853515625,0.51,beta_first
parameterized,2.0,-2.0,2.59765625,0.62,beta_first
parameterized,2.0,-1.5,2.650390625,0.625,beta_first
parameterized,2.0,-1.0,2.63671875,0.63,beta_first
parameterized,2.0,-0.5,2.630859375,0.635,beta_first
parameterized,2.0,0.0,2.5859375,0.645,beta_first
parameterized,2.0,0.5,2.5625,0.65,beta_first
parameterized,2.0,1.0,2.4921875,0.665,beta_first
parameterized,2.0,1.5,2.41015625,0.665,beta_first
parameterized,2.0,2.0,2.328125,0.675,beta_first
